ln_wage_ratio,ln_rent_ratio,choose_B
-0.3156741128542851,-0.2881189003984826,1
-0.06554968864565275,-0.31303823155518806,1
0.0860732363941416,-0.3124849008740711,1
0.3030765838923908,0.02917641197597859,1
-0.2889265699292415,-0.1860670412195555,0
0.31542001163358535,0.22990684180652143,1
-0.1708590757455125,-0.06446596340013111,0
0.31946674092430494,-0.009222398246544194,1
0.3348182832940907,-0.20648015475474468,1
0.2974296282021499,0.16114491209505055,0
-0.34434480144022933,0.016064720259524434,0
-0.28866619947668937,-0.11416076556429994,0
-0.033509951962352624,-0.38861650897010946,1
-0.1871294143720775,-0.19289849360558203,0
-0.3171159231067215,-0.1782343116602533,0
0.23674942201967986,-0.03510279936780031,1
0.27135171503402356,0.10306896162275891,1
-0.2759097020193321,0.12170374798923889,1
-0.2887288830564947,0.038025064084521776,0
0.2744796487193292,0.30122804078689747,1
0.15748785673339338,-0.10601886467520388,0
0.17939503653253241,-0.1339931640868241,1
0.049224399169552735,0.19121093307921389,1
-0.055840258884689686,0.19076983911740863,1
-0.24465228865838215,0.3296926843747755,1
0.10610245758410275,0.29418173071152554,0
0.18657275734431955,-0.23545936248258023,0
0.2073307018607331,0.097254897661817,1
0.1683012960422411,0.19385095654342277,1
0.26002965022862257,0.0942408594991736,0
-0.24397507803121565,-0.2040486843241161,0
0.3332225702841348,0.10698789163200395,0
-0.21353856096023555,0.050030030297589234,0
-0.32251103247699425,0.13638294884939728,0
-0.2942597746657344,0.20987870247081275,0
-0.29188589927012465,-0.27310060171863954,0
0.2227419971437068,0.38629155914698354,1
0.31908767004672767,0.09185668274384717,0
-0.18682426799307772,-0.25019918169407873,0
0.2636519361441332,0.24119285833038484,0
-0.22029887665314216,0.028479004478724868,0
-0.3302609200260095,0.2644299689280243,1
0.13023553668407278,-0.33567222444525824,1
-0.20227188439550786,-0.20433851563219463,0
-0.2923868993969564,-0.021485165530810924,1
-0.035475837525343334,0.19237352817803965,1
0.28903234161347646,0.2958430948835632,1
0.293433505559339,-0.16661898392703878,1
0.2644486179492752,-0.19432304421050717,1
0.00966282704991922,-0.3979569401735552,1
0.27932943769663066,0.14344787408695292,0
0.3272257673666582,-0.39313451256614257,1
-0.09555907244600198,0.17469134648502282,1
0.11140367096766107,0.1895668580347334,1
-0.2322382965767907,-0.20473106409328834,0
0.2308192795269891,-0.31367886085669083,1
-0.33104495053129435,-0.32014333526416383,0
-0.17213882351569965,-0.3956196551028807,1
-0.21239535576311705,0.3525092540635191,0
-0.23381406208665145,0.29916535281796586,1
0.3393157022969432,0.212466887609295,1
-0.16859832729745516,-0.013902191746398174,1
-0.07283029164752391,0.35775140732268784,0
0.049814897305938854,0.27640695721007336,0
0.056878298118894,0.32592119321292745,0
0.05014639415446692,-0.3057677516500148,1
-0.33070424805014537,-0.37863468142671775,1
-0.13562563098299069,0.3222426373486085,1
0.08640909155870996,-0.2954356395278943,1
-0.3187990290939465,-0.21748458400725612,1
-0.2236585510757231,0.3943467297791362,1
-0.09946814824225442,0.028956187274704948,1
-0.16382986880013012,-0.2521490155596787,0
0.32232236325602526,-0.12758883163908097,1
0.14553338806189037,0.23816358561938933,0
0.04995200368914904,-0.25468827494949386,1
-0.07159684012134021,0.26161427389278835,1
-0.23221392923173717,0.35496237542914044,0
0.1329312442297862,-0.15373185027251512,0
-0.17750412052931908,-0.05952992269132035,1
0.2906362707756446,-0.22424377298974438,1
-0.11890639930675134,-0.36603701267294275,0
0.12777796345612413,-0.2762127868491362,0
-0.3157280980959796,-0.3896716555592618,1
-0.09224118474359538,0.21714751244292774,0
0.21321649854022684,-0.38825042403827575,0
0.2728940294252892,0.30638163034116983,1
-0.12435558486927475,0.2814648634799556,1
0.11786004288148655,0.26141405657852235,0
-0.007959081389044886,0.05317476115036224,1
0.2039551177856458,-0.004093615450204591,1
0.18608547679011012,-0.3271725287561184,0
-0.19089757911973532,0.3036207709913522,0
0.1721681252128342,-0.2732315481055423,1
-0.020151308074904728,0.21866933331425653,0
-0.17785547161913834,-0.24463221751393,1
-0.04237259127741727,-0.34022766386941017,0
0.23068894082203872,-0.18918792611288726,1
0.2712132818071116,-0.3226426130822955,1
-0.04603895020204862,-0.05263356480937176,1
-0.24455672499510916,0.2212614136855512,0
-0.17656666055127165,0.21513313230528153,0
0.3287584371772537,-0.15701523822906244,1
0.08191972830716082,0.09877369528059665,1
-0.17633520023797333,0.08733016574204927,1
0.0028556012527647945,-0.2984316899326599,1
-0.3078656358167461,-0.3633820575533623,0
-0.21193344384125531,-0.21303645707631028,1
-0.0718676847647044,0.1437442707430885,0
0.05917874516916266,0.11251395658054053,0
-0.3396192567905723,0.2947340367542918,0
0.11735533600751163,0.2678379535968485,0
0.04890580720770782,0.3746806382987071,0
-0.32318945487578327,-0.051090939662869705,0
0.1753815394113959,0.14729476016025222,0
-0.2677720998133051,-0.03323041006553773,0
-0.2576405412376945,0.2416353756043622,1
-0.013276685880207195,-0.31410419606403117,1
0.05248229405342991,-0.05917742307500873,1
0.22182745949307103,0.16132595771685887,1
-0.25333719551744893,0.2959309033608032,0
-0.2506500636948663,-0.341291212515545,0
-0.16754997631982063,0.2891967238719382,0
0.2650201702208642,-0.3250716495264066,1
0.3490687119601067,-0.2024466860782237,0
-0.27800639989425324,-0.0039018869737706963,0
0.32257243339552855,0.19269717893653127,1
-0.21401186536239605,0.27650513393283216,0
0.3211111670819492,-0.19381777681951748,1
0.1639557902997576,-0.036017313184718014,1
-0.0979942820787355,-0.31686449646711345,1
-0.3065849634087063,0.07774129873320285,1
0.2925669981431501,0.3997828586105566,1
-0.07766464335873341,0.37236548229816224,0
-0.2745354708057566,0.3769989393639256,0
-0.051848481268970126,-0.01884665398039076,1
-0.2404222593977315,0.10649706775996692,0
0.3471136312058639,-0.3104133418806247,0
-0.1533776487469362,0.07671270020692172,1
0.10287632194486607,-0.2828280042525311,0
0.28824606987582,-0.12164141337989298,0
-0.08349853240949351,-0.0010369889653336628,1
0.026072075338169798,0.14162764342169498,0
-0.20324850612645862,-0.201577355621051,0
0.19106262633574334,-0.15937283363630128,0
0.28175199867775735,0.27954457579143765,1
0.05583624163870882,0.26945687204768387,1
-0.06686159321924612,0.2956678733663459,0
-0.21463782589730815,-0.07149670647700512,1
0.07582183880875448,-0.36943510222196346,1
0.07295476931274386,0.2025260028133704,0
-0.30932384746505487,-0.06785302347657635,1
-0.06006826075305727,-0.22718113106008123,1
-0.13110610296603983,-0.13735448079466928,0
0.20604705661216705,0.1940089444952926,1
0.24735944807540133,0.2174608545400929,1
0.3107687008857206,-0.0870355316529956,0
-0.15503003463688,-0.20782873202984203,1
0.1168647916207976,0.10493419897032863,1
-0.26826955933862046,-0.30026589697092065,0
-0.29230248068339004,0.0937296507558828,0
0.18801327668008394,-0.2412689054699267,1
0.09374227355394155,-0.2792639429021951,0
0.18664470891521356,-0.01597824498426742,0
-0.1577191412745311,-0.2657277653494897,0
0.14610658598209508,0.3265814658762175,0
-0.3114937138724724,-0.03745891416668712,1
0.16663372011739985,0.14305454908798398,0
0.10526307297123683,0.1545604088206518,0
-0.28282106084794895,0.1073153702051477,1
-0.3401307699230821,-0.21759588667753393,1
0.2133360410869084,-0.3840622128401906,1
-0.27451893541196043,-0.33675968214471486,0
-0.3335961559258331,0.33909393666684884,1
0.3245664285120292,0.3823041216226627,1
0.09200380417208576,0.2808797255024631,1
0.06430144778926883,-0.1883109345315968,1
-0.12654129873822334,-0.18278321129151315,1
0.12768844445566713,0.2610793773894734,1
-0.10241043550976595,0.19643546821571156,0
-0.1553443819365537,-0.23982982194571134,1
-0.07469818147165397,0.296691832809472,1
0.08930837395960017,-0.08650250568426265,1
-0.1833932331371331,-0.17925844836755023,0
0.07727929557501967,0.1483698072880757,1
-0.00401724136637549,-0.3299753758756208,1
-0.11331607942110647,0.0908455635291211,0
0.23198485086675014,0.3672688502780719,1
-0.144892602980229,0.3508975125108077,0
0.09393160850036952,-0.330665021944053,1
-0.03276971974903542,0.20471349341241518,0
0.20751298656575057,0.05674419048974616,0
-0.10622445143515788,-0.3066829317626343,1
0.03075165688558501,-0.13945763799530136,1
0.06557940737162471,-0.19254345280147522,1
-0.2519291804810979,-0.11972460486215797,0
0.3146542163802388,-0.05131406431010205,1
0.06181142418118396,-0.28687123781775115,1
-0.1793025653269919,-0.2805736113698498,0
0.31386449622811496,0.010098958010393677,1
0.22415563826900442,0.3879925867460725,1
0.1880219884091041,0.012493488880887527,1
0.2937364877055083,-0.037298830358803214,1
-0.23503757756399168,-0.38290054546051744,1
0.1765686718531707,0.007916709431231017,1
0.2972754212391253,0.38470850020057223,1
0.0433917105614921,-0.2307415471397846,0
0.24348536480648642,0.2589513983449727,1
-0.31306114018165987,-0.2027288750516424,0
0.270591805933435,-0.2611481263191163,1
-0.3347300307279334,-0.06380333584430609,0
-0.08748311337701692,0.2649002423445924,1
-0.029681737798498586,0.39959581640410247,0
-0.13275890995819337,-0.2015572572640946,1
-0.17354768376395377,0.19980113658096976,0
-0.17183469951850383,-0.1442261789580881,0
-0.06021574418114972,0.3185005289992645,1
0.04979295363760744,-0.02803331164701034,1
0.2905981321858596,0.34029145052675425,1
0.34841727840545367,-0.08916677281890789,1
-0.05211447628353988,-0.15708070130636084,1
-0.2778914030930641,-0.011180224064002264,0
0.08112633947947434,-0.08063974517091221,1
-0.11384832942832845,0.2776310871327018,0
0.25414498683598385,0.22955029947602212,0
0.31174229949009025,0.17198483257173303,1
0.2059976177075188,0.002417025962525521,1
-0.3499396185490288,0.09907263690958629,0
-0.09353928646609344,-0.2876173524271828,1
-0.08905809469875242,-0.0641507343522375,0
-0.1954494861622502,-0.12074990219924014,1
-0.2775579648000228,-0.03197023246756253,0
-0.018133017946775576,0.015063832088309581,0
0.15511794345836472,0.37164918363103194,1
-0.13008454458990465,0.06405936176617538,0
-0.024121621986071595,-0.17728793941697624,1
-0.20786297892770106,-0.3446374883552079,0
0.2295404128821268,0.22046972912083518,0
0.08920843292194752,0.36365070546374023,0
-0.33386210437747066,0.3655762762970106,0
-0.03563911345619353,0.17627416424172693,1
-0.1383800401649486,0.036245203154809946,1
-0.27405671709944485,0.030027798982770637,0
0.18738579549227818,0.35825218245893475,1
-0.09813629956239472,-0.2693267845257884,1
-0.024034162361601885,-0.10735249645186962,1
0.09177212684718905,0.28847965194535496,0
0.10172128637816691,0.11688692628556141,1
0.09064816599200781,0.0848572692523013,0
0.3091331505864704,0.18608575345689726,0
-0.15907444231076423,0.38894337719600247,1
0.30785327502323145,-0.07533492195119207,1
-0.15849553277867157,0.2444908767321885,1
0.2490931228590072,0.35774874489443,1
0.16711476872646425,-0.3593819774857785,1
-0.03209680611835397,0.12009328368445282,1
-0.30311456801094727,0.21799246108791948,0
0.13575403978628642,0.36896165718247365,1
-0.01075959846130814,0.2624985309890664,0
0.07383654350376828,-0.36497392852287097,1
0.2331895840810766,-0.023738841476663608,1
0.04561753397263646,0.034072952211124385,1
0.0030934763188639747,-0.09005619498275347,0
-0.2810773907937579,0.2592467646301121,0
-0.17063775264260256,-0.3131881735037001,0
0.0077832944300885165,0.2759759440404176,0
-0.021871363679878186,0.28857195791906565,1
-0.02706976990046034,-0.03959847464119204,1
0.015551271999187932,-0.2613295763141091,0
0.12326610673513255,0.230174937764832,1
0.11060318440263506,0.07653199293694757,0
0.05248569576171086,-0.337852107043354,0
0.17042577466805386,0.37788440991567274,0
0.2954267059789909,-0.29689450076988444,1
0.3266658279818446,-0.029302972769657376,1
0.008028592144191715,0.3741932501400068,0
-0.021139750483426423,0.176091221301511,1
-0.26483625224528407,-0.2666108727600155,0
0.11756467608877075,-0.06698474818668743,1
-0.24397952697363487,0.3967480701477154,1
0.2858844381591287,-0.05602873799941055,1
0.2666409462195085,-0.3968441455904979,1
0.06750027339736209,-0.10250080969569508,0
-0.14441339677709,0.32363908322703117,1
-0.2768004206625115,-0.0530078237638727,0
0.3043374270130599,0.392867490859899,1
0.09531077575666735,-0.36337928410869386,1
-0.19727344096523203,-0.0846501811136357,1
-0.1136766138028388,0.257860276558151,1
0.23255322644541998,-0.38557269350081064,1
-0.10439294290055987,0.02737373582283603,1
-0.25376208507794284,0.31420752564745047,1
0.3455822705139031,0.20095400093910443,0
-0.2703698794544964,-0.23938574626912282,1
0.3422797428764923,-0.2065611246234175,1
-0.3216652536255974,-0.23869416759561501,0
0.02130312078096247,-0.22386850140545916,1
0.3453199278690854,-0.281555959167858,1
0.34138495987294226,-0.04615260878079869,1
0.13867581625669106,-0.32680150275310216,0
-0.17171509617454273,-0.3839902597541045,0
0.1746785650547159,-0.18257434189811086,1
0.29871291983161086,-0.16218794218510688,1
-0.13150541357901913,-0.18146597856404717,0
-0.17497570414188116,0.32720091501800763,0
-0.014946041220830708,-0.2156630590970533,1
0.02886224445138119,-0.35113975756415494,1
0.24578557204325446,-0.09876930592861949,0
0.1880178999099964,-0.08672694832161659,0
0.043255842968371816,0.03242650908784778,1
0.23565789553320693,0.32210360665729143,1
0.2597784494819054,0.19129712172331081,1
0.012710673430917308,0.3930900465604048,0
-0.025990702246125708,0.28488425270423523,0
-0.013091560655390022,-0.27188827956054007,0
0.02888891517847325,-0.04380316561245523,0
0.291308462383324,-0.3550802454870005,1
-0.32085989494793976,0.22814636803619892,1
-0.016741119294211904,-0.18407604265575728,1
0.13961721812200223,0.032063938004573356,0
0.06436918714729012,0.16179682512370497,1
0.05868237494529799,0.34419344177516054,0
-0.0351084902635726,0.3344326938930836,1
0.18951018520708884,0.16709815628632263,1
0.23656546007314205,0.14820893110703925,1
0.15763272947891194,-0.3857880793662196,0
-0.2505613730521769,-0.3447713281630489,0
0.14981000674781186,0.14354750301485342,0
-0.033811981130846824,0.02567816063376327,1
-0.3349288716857652,0.11368593354519096,0
-0.23055599436982696,-0.34000777402952026,0
-0.19564649584212915,-0.18950980010617846,0
0.20607592662746133,0.057553377705513664,1
0.04676587022550388,-0.2737147717514048,0
0.32365288496316735,-0.12916345788565453,0
-0.11367956199092902,0.36854297100309685,0
-0.15751720276348347,-0.09903825432599306,0
0.3433769032243922,-0.0640098787463046,0
-0.29885367901459625,0.12450991042464032,1
0.11963106424181114,-0.306248848320795,1
0.12576267512965944,-0.05024683711282102,1
0.02305145137210879,0.06591819768157875,0
0.1867733772949457,0.36906246184080427,1
0.014358212134273463,0.018422985460006536,0
-0.09779544689900538,0.33440076408603037,0
0.23840109128635534,-0.3844312059039583,1
-0.08628058973982616,0.16150667227108106,0
-0.26826351364189255,-0.3540758303374883,1
0.3298358520098956,0.3072841647360177,0
0.046499898354049274,0.13909524137987817,1
-0.05999743431399368,0.32329735356409495,0
0.30561406750819264,-0.21025402809373317,1
0.34341528353654294,-0.24095282832899986,1
-0.2816411730351442,0.26749615605916754,0
-0.19567796267258503,0.3805424378193878,0
0.009548167842822863,-0.3720837917030142,1
0.02231407690477355,0.16888914140801525,1
0.2043987650494763,0.36482887367600947,1
0.2577904468619401,-0.12325345510283764,1
-0.31027547908176695,0.2648787330006962,0
0.1357861737117566,-0.3528869651814486,1
0.17675993512412302,-0.2875625361096374,1
-0.052909829417926824,-0.2800281449090153,1
0.3107424290475619,-0.2177814533021083,1
0.09416254312197359,-0.19469478051029113,1
0.11599964651738026,-0.030307387419135523,1
-0.22818056066618678,-0.09794829829730156,1
-0.3040265713408007,-0.151305911965079,1
-0.008013326612785365,0.35255745208866585,1
-0.32187364820640063,-0.1345411789744163,1
0.25447946354262996,-0.34892514783406653,1
0.10943153694468338,0.0794430082612746,1
0.2884178948874563,-0.36264220411558523,1
-0.3434037219572273,0.35156565778229687,0
0.07388118131469945,0.2137252558924454,1
-0.01698785084036969,-0.28527984958354446,0
-0.1400384242413519,-0.15573821549468,0
0.12214040376189028,0.13507127387740392,1
0.06231204936807122,0.07595804865691785,0
0.34564942149695854,-0.3661884844453791,1
0.1710886575313073,0.05501251411747299,1
-0.23521068366900294,0.3414513120086504,0
0.2944906981692089,-0.017603064875040264,1
0.10733515365523588,0.31525253431009503,1
-0.121335431224983,0.37879172098205804,0
-0.13305076616527442,-0.11813729167276893,0
-0.19619732109207072,-0.13450691942011378,0
0.3074114066580965,-0.3022651359842701,1
0.0711518717225636,0.05180258313336433,0
0.25607121409428035,-0.2215830453297053,1
0.04968868973743207,-0.14054595039946804,1
0.1333964195571274,-0.2721330442596422,0
0.3127896174500393,-0.1566476302115093,1
-0.006673818303833401,-0.005113030593856593,0
-0.18676092195964353,-0.16072920546462655,1
-0.005244553663613982,0.31772973810783833,1
-0.16662436146676668,0.2555157918500691,0
0.27737664645028437,0.18827604006189091,1
-0.08256618572685365,0.2790768352055498,0
0.012598145782220294,0.372855920734641,0
0.27304698052297816,-0.3271931068814542,0
-0.21509710891025313,0.0577700963333278,1
0.07711237007459609,0.07927117471574369,0
-0.18902590713968254,0.00024689091154550535,0
-0.03895645274316051,-0.16088241424836758,1
-0.34663566152029485,-0.13668876364664717,0
-0.3384881308565026,0.10030778871730361,0
0.15664030370684068,-0.20753271911658136,0
0.17077080849410053,0.03955707825356186,0
0.007980010119199299,-0.11440038315421858,0
0.20771398343828984,-0.30157703225615395,1
-0.2569203651409498,-0.114095404341088,0
0.07458991904711437,-0.3866641418677196,1
-0.10927871189142196,-0.14664264131492527,1
-0.18444173381609358,-0.01988885621933162,0
0.30357336518221456,-0.11470031071038689,0
0.23484156479459328,-0.35858121718397595,0
0.20805401389009281,0.18587888765113925,1
0.30868463729731965,-0.2567165005752978,1
0.13324149354148862,0.26426544410715935,1
-0.31290251062278746,-0.2195979031001909,0
0.176079592929426,-0.31664210565449813,0
-0.3288021298922514,0.2773124476491867,0
-0.27361887252324446,0.19676133323840272,0
0.15724537174816922,0.09055754022961066,1
0.15798141144246458,0.023144293999421195,0
0.013043262040569159,-0.05006251915315724,0
-0.3091580796217634,0.22456025830803228,0
0.24429922212839617,0.3053037284910871,1
0.2188061232074321,-0.21687041703758966,1
0.050227077573080536,0.35397633682337326,1
-0.3122984123643907,-0.06308617669208355,0
0.12361277667649356,-0.3008385332738094,0
0.19324604040470017,-0.07527515348965402,1
-0.09228059942412342,-0.2925235927117267,0
0.1860827208704834,0.2524543692249427,1
0.04432977768425628,0.3261417101557378,0
-0.23390351632488843,-0.34858952877356053,0
-0.18198083116810393,0.36940978637243593,1
-0.2505930500287271,0.33078361306088844,0
0.17510490917951316,0.1914123791319613,1
0.013915698331171511,0.127350817264395,1
0.1177438467631608,-0.39653338821524653,1
0.1378053760623439,-0.1515228413189349,1
-0.161810988907648,-0.2082881577963181,0
0.10068734003241225,0.324541028735427,0
0.3285976922782896,0.1868904853236959,1
-0.2822652910290104,-0.22225877610064187,0
0.30985525024649196,0.13928375137488436,1
0.07887836278966298,0.07770543522401602,0
-0.1601721420019361,0.33259414273951193,1
-0.3046487169567195,-0.2822862857800801,1
-0.3103365012827459,-0.08208837113681355,0
-0.0693473019465935,0.002224944020833952,0
-0.12889418501424815,0.21028253974134248,1
-0.12949167599456743,0.1418852959611625,0
-0.023451642526148175,0.2137277439531795,0
0.1668543632186923,-0.2081729177992762,1
0.14268734915484865,0.15327063373295036,1
-0.031523593769543,0.14154648509921797,0
0.2918142903739285,-0.07582203186196679,1
0.26047023631114485,0.2201278057922944,0
-0.2241903544760543,0.22944860019454782,0
-0.03890440423231867,-0.3947882175242796,1
-0.017794979615080142,-0.25184490344667965,1
0.007050761770192315,-0.16456247961866258,0
-0.317734673072731,-0.23998465175390102,0
0.07267934627351436,-0.22155681064350255,1
-0.20286348759971476,0.09634113624539842,1
0.3080929366232107,0.13689542128483112,1
-0.25647174847210097,-0.0766892042968127,0
-0.20985888662571278,-0.3544550890386958,0
-0.12415145722543883,-0.2858404030952853,0
0.17702471235985773,0.17129678975365992,0
0.05587598282543854,0.38896128512032724,0
0.09910715876438703,-0.3080741475264812,1
0.26099304275777035,0.3465101694306426,0
0.13457537613884807,0.38048651918424015,1
0.11951055739064498,0.31331126839683754,1
-0.055146726422073244,-0.1926629875443939,1
-0.2713422138421234,0.14723282698638473,1
-0.3000651081987572,-0.29655683218370144,1
0.03300142242590032,-0.1605615058442881,1
0.22257310191858248,0.05002168873097401,1
-0.22717279567644172,0.28955866120307716,0
-0.27098811253147453,-0.014001148238831973,0
0.24248497011936065,-0.10389086649554796,1
-0.0370686076900229,0.2492751510575476,0
0.12622812185054583,0.23699243489522126,1
0.1838372968933546,-0.12638855233821095,1
0.11395388998638445,0.13987398429258158,1
0.2152803592749989,-0.08140124584457842,1
-0.2946637990477215,0.1713027530558514,0
0.02461331773854386,0.25010981588601344,1
6.0846839309403045e-05,-0.19868678892838948,1
0.15583822436737116,-0.3282464782584462,1
-0.09946350335059861,0.17493930162959304,0
-0.3421421757225168,-0.21253438623596388,0
-0.2222058209454955,0.2536260981516897,0
-0.0443366390219066,0.045224177540722,1
0.02715911184515618,-0.3470104578977615,0
-0.23723837201067066,-0.09448901979784086,0
-0.2278028235969186,-0.20496773950304947,0
-0.305024996291783,0.3278280348794895,0
-0.027207439101412656,0.24170420220877087,0
0.3345840644490995,0.19195760350853863,1
-0.02603700563764938,-0.07698341516496032,0
-0.33815345700784205,0.023540858493232952,0
-0.08500205124571908,0.28384537229314366,0
0.0719077899043356,-0.2772114232793894,1
-0.2536971861461845,-0.25595324250337,0
-0.2598133079697712,0.16096111860663798,1
-0.19651619134222587,-0.39260360501972535,1
0.31567918421569463,-0.2456617604461836,1
0.3029396406253315,-0.08419903290799402,1
-0.3488218945000144,-0.3440212333898268,0
0.11071298743589214,-0.23729177592120598,1
-0.2951259923309332,-0.28358933448331536,1
-0.09098052231629816,-0.23893191496998487,1
0.11456424121788011,0.23016556623206952,0
0.03264968788386913,0.34053153158388283,1
-0.2938882162096437,0.2747473228425037,0
-0.06130690420954282,0.05732528631169209,1
-0.050113034379617616,-0.006764332906278092,0
0.29393947040736657,0.08501234740297214,1
-0.3299061509875461,-0.2429738436583694,1
-0.05746870748799482,0.1515030125340272,0
-0.019214418752953877,-0.05360589651858039,0
-0.17472744974605203,-0.3097905410871749,1
0.22349858784100207,-0.2464598902379671,1
-0.32377726223724396,0.1416958562412599,1
0.2058340132081692,0.3666721793692288,1
0.29528729378853114,0.3456257469918167,1
0.261879106907843,0.3082273421529922,1
0.22909816013159312,-0.0944266480684236,1
0.2905820840496808,0.1603567148489924,1
0.340457899647882,0.027722225719306326,1
-0.3146961502871526,0.08847490215274367,1
-0.11071479899690406,0.06860103562720604,1
0.12037236102580662,-0.2247724427089346,1
-0.33798466560238616,-0.1946683844594518,0
0.12435017395400061,0.02672322647904729,1
-0.05801162674015342,0.09917432984791635,0
-0.3002446577134555,-0.15047108386242833,1
0.30566579429572227,-0.09849319950710578,1
-0.27893439631047884,-0.24697148686736875,1
0.21518293606557182,-0.2831314124549056,1
0.2845307499583154,-0.09091900969134015,1
-0.22125384357979408,-0.01078006818895949,0
-0.10670579080453921,-0.3807023719977661,1
-0.15679107882969995,-0.36937192151030757,1
-0.009315695719151584,0.2874650914403495,0
-0.21091895449218473,0.16061036613187718,1
0.17860556056585897,-0.11784108718443448,1
-0.21439757817426747,-0.3174337167629309,0
-0.07999160310880454,0.2871428644930474,0
0.3189739492193856,0.0708970340266239,1
0.28669934340022085,0.31221346038403164,0
0.05830029785728197,0.018653413169181454,0
0.13377228439470934,0.17950628775335642,1
0.2466839605933604,-0.061566597183203176,0
-0.342100371128031,-0.059896966480941505,0
0.15587189133694035,-0.20421765521694077,1
0.22232340824122288,0.07622705521710904,1
-0.029040826385007712,-0.39222562000325417,1
0.2697916689177646,-0.04353562941707523,1
-0.14453079499319324,-0.05543315649722347,0
0.009512589950892159,0.34009037614413695,0
0.2790924023978174,-0.25359920170583666,1
0.22437222347982977,-0.287480767946366,1
0.21264642273837353,-0.07450790508502908,1
-0.05152888377932591,-0.21703296759012147,0
0.23687052114508245,0.31558826353000524,0
0.2756322180078188,-0.08859377537907609,1
0.2354899216048396,-0.17000816527279997,1
-0.2838229543791074,-0.12290703867225006,1
-0.25063370788037115,0.12194876833191359,1
-0.11431764544207304,-0.3707725721225248,1
-0.27296416125965783,-0.20427179832410208,0
-0.21708746625640882,-0.0921561243435366,0
-0.07586045925669949,-0.27543612531703077,0
0.2371135408680346,-0.030757809343572806,1
0.3013922814972855,0.11215884707560053,1
0.0709693779752888,0.21780419015454244,0
0.2256262182900659,0.0436981145035894,1
-0.14628321411727607,0.13744807192328312,1
0.2918589480098249,-0.19891003351216607,1
0.05535722489844608,-0.08875808387357764,0
0.31372633199233757,-0.10067905830021523,1
-0.08786954904221222,0.30730699936815664,1
0.32679980710765066,0.3756966641209173,1
0.09728511734123102,-0.013702969313211633,1
-0.2880533040529791,0.016369687956716672,0
0.295406905604521,0.2538282516741306,1
-0.1624520076926613,0.1888088902799292,0
0.15241842176391884,0.12182387648107085,0
-0.2697850817999587,0.05602443429732995,0
0.020741688203955666,-0.12630796943638867,1
0.30052109768545,0.324741825617031,1
-0.31861620576885685,0.01800820571121875,0
-0.17918123719980952,-0.39157779501657847,0
0.16324047016117216,0.2050323809257003,1
0.11695766668625868,-0.2098260548566585,0
0.1276859959422315,0.16053249745222886,0
-0.25837072216056767,-0.05238510922822864,0
0.03262832353840667,0.3323667236345592,0
-0.11664497821249184,0.35986254157794517,0
0.04086601476340651,0.11062310443877699,0
0.29033230683050815,-0.20647694023310983,1
-0.13238994663262438,0.3880818055344796,1
0.14452091088445945,-0.048591273710042404,1
0.08334135327316511,0.35125013888239887,1
-0.03452087802492981,0.22480569086765378,1
-0.22111194712757562,-0.39741417570853327,1
0.013681672463177197,-0.2860138879588345,0
0.3084797659353834,0.02877763736335376,1
0.0746645942695019,0.31221324208672996,1
-0.10642111466595497,0.30309214388636907,1
-0.1941396928935398,0.3793619276025617,0
0.12098995590461742,-0.16263703514348063,1
0.15457916534500338,0.13110112277570551,1
0.22238412908611616,0.20232010213460005,0
0.15332266225436597,0.17343322712025777,0
-0.23411605649416248,0.24202211165281606,0
0.052600791455429674,-0.012248931761186299,1
-0.21578033280269363,0.14184277247978128,0
0.12820136357096945,0.08510418229665895,0
-0.23089170550888816,0.08726883826682741,0
0.20372000213236174,-0.16430618671901354,1
-0.23328675732366944,0.22776646603138784,0
-0.10237040394557101,-0.02153202029066198,1
-0.1363237415398604,-0.1677303499175257,1
0.09791011168290498,0.3354477442273156,1
0.12184300292569306,-0.38548417260580625,0
-0.039312710410864204,0.34494125767914074,0
0.14378633448072298,0.18506856308546227,1
0.29680646659627474,-0.26273984800993355,1
0.17325958722407175,-0.01900223093028941,0
-0.0034011477198035434,0.134766129016619,0
0.08591811448327819,0.11458737285305753,1
-0.16793045475080343,-0.12082855470436477,0
0.29700343526838746,0.3616175967728147,1
0.277713369135677,-0.03276633929714129,0
0.13983062921775052,-0.3450928153857256,0
-0.04281706294739018,0.3353443971753064,0
-0.20268984223768838,-0.07971177001988117,0
0.1815110861202921,-0.25061011715320075,1
-0.17560109844220181,-0.20172050980105177,1
0.008060759480114255,-0.30169897598373946,0
-0.23564062417658146,0.02395435057313733,0
0.10772823280769539,-0.10604007025990819,1
-0.09661264939329878,0.30812202517615195,0
-0.06648864820982092,0.2837897679765835,0
0.1608680735659317,-0.08319265758285477,0
0.022825094501391585,-0.3748747537498284,1
-0.3137088784323011,-0.2697856600069831,1
0.23784642621661545,0.037418770370328036,1
0.2329263492636271,-0.1849944093204174,1
-0.050317357967214704,-0.2562055811355478,1
-0.1839926406900325,-0.28974916890922975,1
-0.09842530797070687,0.0007742023023522004,0
-0.18568760454289301,-0.3399206149801677,1
-0.08573135350843847,0.0036980920275240803,1
-0.04600984355374704,0.3030229502764853,1
-0.12186174957527043,-0.038771900940913706,0
-0.04482628432818547,0.37929193117928195,0
0.3424218343379499,0.16623472302742037,0
-0.24269382445660104,-0.31431214984935996,0
0.21522972007030128,0.023373169168290797,1
-0.3083790523676669,0.1366578523793145,0
-0.05330880733084281,-0.39033961822374696,1
-0.23938837850044442,-0.08784715654021841,1
-0.09679322757176151,-0.10927579134258386,1
-0.29253704445002304,0.3854798228785671,0
0.03280063094423358,0.08925865395084653,0
-0.33647431028114694,-0.3429361966876583,0
0.34191699989063407,0.34996575554450426,1
-0.06627419856018196,-0.194090406262702,1
0.33839025453995886,-0.30074865928782524,0
-0.01347345429729957,0.3358170939261782,0
-0.03896429158218806,-0.1334190085878954,0
0.16998036979189013,-0.1534867525864886,1
-0.15612740731628844,0.20860317573079834,0
0.2567035708026756,0.03527305837241357,0
-0.2746432840419042,0.12915952914050144,0
0.0066480335855079176,-0.12422458655947594,1
0.0758823124198742,-0.3012835032788155,0
-0.3119389165846504,0.3215003220593595,0
0.1307301593356034,-0.33947292856360156,0
-0.18993423747492727,0.22084871783784377,1
0.30619365026482104,-0.28674916070572726,0
0.25202095539784686,-0.20116723668792036,0
-0.33782472964633165,-0.24915277119030765,0
-0.16441658834623368,0.22269742503375178,0
0.15721550472369805,0.25925455470305614,0
0.3475341998388568,-0.14008726809772887,1
-0.2581247162907432,-0.19832235751945737,1
0.0035835950391456817,-0.12508326169539313,0
0.15446299944083308,0.37431411120927727,1
-0.0014873000868067532,0.30434459448608264,1
-0.17639988420397673,-0.37488033876115,0
-0.03338370409562247,-0.37817433783680693,1
-0.31995961023578245,-0.34657147151179607,1
0.10159914430857059,0.35041412938797856,1
-0.21712261999955149,0.027682104141308006,0
-0.15028313405265306,-0.24480488892077032,1
-0.17835282603802194,-0.11833682517438471,0
0.04476354069670535,0.22816123295986046,0
0.3225092950622104,-0.1119810012819839,1
0.2812081876888566,0.32591055764695276,0
-0.2937080644500658,0.23506825681133547,1
0.02542213574459129,-0.10429452497168051,0
0.19163146855668323,0.12138107040396384,1
-0.2730964547243148,0.20731706116487691,0
0.13818872290814588,-0.16177371993719236,1
0.002853773623650968,0.06266294919997656,1
-0.19642161187193957,0.07157887455219647,0
-0.2996335917247295,-0.023694103127749777,1
-0.20254152886012455,0.3283635238155105,1
0.317945908856919,0.056826245630380856,1
0.15018038041491866,-0.2509037055345902,0
0.014272889042170778,0.24191586109241325,1
0.0905648545146086,-0.21245219195263465,1
-0.09468073425119788,-0.11196282440526967,1
0.17260878600819185,-0.13489646143387396,1
0.22206250402544403,-0.26732730844477615,1
-0.24067421283736337,0.3357806407465108,0
-0.25058658386573085,0.08324309249913275,0
0.19618814150292396,-0.09499816678949335,0
-0.011964180094012233,-0.32107032893671344,1
0.06222594534545317,-0.17777527159074966,0
0.3264661638957811,-0.04357080391300655,1
0.038484105746968644,0.046691442042085085,0
0.15551501264062917,-0.12545282298653843,1
-0.10196085924996023,0.00808773812673208,0
-0.30452826166677566,0.2608453675690997,0
-0.20303230987808435,0.3576938103896349,1
-0.33552333698589387,-0.19282258218029275,1
-0.2510355680949646,-0.3775398575721215,0
0.3204065744817869,-0.08750862766332751,1
0.01367256799830685,-0.05480104748977965,0
-0.0485915691245396,0.11213083713758698,1
-0.09571789872105657,0.0031077620870817446,0
-0.2450132110627202,0.18815404761410137,0
-0.3308830680690607,-0.25423509201500405,1
-0.21895813345883597,0.18895972148336937,1
-0.12136475404109828,-0.1737236729894776,0
0.33847247334306685,-0.35747472744410996,1
-0.27936667286626354,0.1647886232668221,1
-0.2069481615387876,0.23695924469283924,0
-0.29970436455505883,0.2796135854484232,0
-0.07217825253175042,-0.11174205869084791,1
-0.3088117516336881,0.3028676282755244,0
0.27470054411938183,0.38164722591528,1
0.2756065714807947,0.16917102712016563,1
0.04423451763732189,0.08883142936852834,0
-0.04801577515517996,0.34435265640132096,0
-0.13317981050928823,-0.22014615885106803,0
-0.04331608991034991,0.09339191925573315,0
0.32700952391851357,-0.046055739426922315,1
-0.052973333199836325,-0.23373952713588386,1
0.037208334766996864,-0.29446105261205724,1
-0.1308566932288757,0.034732524399734455,0
0.3120760965331314,-0.23454006914435716,1
0.19256409966979715,0.007889982816029317,1
0.02014526253247434,-0.3968610133574463,0
0.18250933464349872,0.05656077263221232,0
0.330507853005082,-0.259928251047142,1
0.10293234986061667,-0.3095039850594599,0
-0.23771199690527178,-0.3530267248498537,1
-0.14389376634111375,0.3513209319093493,0
0.26403884053317284,-0.2478427318611164,1
-0.22400839765481442,-0.14178185641291707,1
-0.1204832136610201,0.05098339002801222,0
0.27570558478118967,0.32343140022367833,1
0.0802540392443557,0.16126632316916534,0
0.24919037946195188,-0.26393534857710843,0
0.22051517647120134,0.16646493220181402,1
-0.0785517603557005,0.23343850058308024,0
-0.24684250836273852,-0.11861489061218017,1
0.34269181906554624,0.24657498048905369,1
0.1756474137626367,-0.14947503605367846,1
0.1553500654256903,-0.0341029309206326,1
0.33234859442044595,-0.32732927392561006,1
-0.23150369442227936,-0.24641274762268717,1
0.11560699808763952,0.10820505612410725,1
0.3363657619697875,-0.1594351071306619,1
-0.3380520916041312,-0.06643548346477723,1
-0.09143691450643165,-0.36007380335558353,1
-0.0601704321390632,0.23638659963139952,1
-0.28688362922532956,0.26716471737581615,0
-0.13632162509687087,-0.39832412636165193,1
-0.30038906760130873,0.3712029545837233,0
-0.16066774994243868,0.048536965244964925,1
-0.12978783797305715,-0.14679489513294747,1
-0.0508814230117664,-0.22374802974625815,0
0.12240293823277454,0.09719795547275722,1
0.06998516596256232,0.13642750042174745,1
0.11874003177542264,-0.22649938083369436,1
-0.3080908788056903,0.29303937048749584,0
-0.23620001526193113,-0.0758428498010032,1
-0.029934136626433017,0.2247248432853901,0
-0.11416609417865323,-0.34946827649756584,1
-0.15724594211205295,-0.24258615429348565,0
0.14586603553665206,0.2576851675454588,1
-0.09075049337306945,0.3678744643756312,1
-0.22120488194745433,0.08625320253013957,0
-0.0875676271540951,-0.3468497460826891,1
-0.03580572352626821,0.2880200130341791,1
0.11141791254174133,-0.023380155077548426,1
0.30452274744882757,0.36380613031931286,1
-0.19500331147509248,-0.25325071495911866,0
-0.06012440566853855,-0.009044717571639105,1
-0.17468258283028434,0.3620317517873819,0
-0.232258768624292,-0.38274549675976166,1
0.01842491112327438,-0.15645375445138693,0
0.21702859935040109,0.18764018230814528,1
0.16438309016387886,0.3907503470211161,1
-0.25168213900600017,-0.39050561567546194,0
-0.12137674354940559,0.13862450365233547,1
0.1509475103658504,0.32763294155296485,0
0.27854999900088717,0.276054171927547,1
0.07760001402168548,-0.350284248817851,1
-0.19460260261137374,-0.08720888118871295,0
0.08901749669751613,-0.38018333739376314,1
0.32071649423583026,-0.39836447942758024,1
0.02417936481500177,-0.04290996098087135,1
-0.04058146102006499,0.19910791779930093,1
-0.11632263348049823,-0.17521921975165214,0
-0.11465533822474283,0.25543709113420143,1
-0.29236540413612894,0.1340578339486781,0
-0.1827514496231631,-0.024619204838135567,0
0.11532332415041596,-0.13673808137276122,1
-0.24902010339462927,0.3156061665518619,1
0.22038661700078033,0.2150998968660216,1
0.21484112466422478,0.2959758761339224,1
-0.021825551897419193,0.31269453300485994,0
-0.14818174218310637,0.22575345812950454,0
-0.005710312164720899,-0.38832409971773496,0
0.008980000156283807,-0.09736852370617327,1
0.14287073405744805,-0.14570173414779264,0
-0.03588799008230037,0.3419884351883883,0
0.11918119097831309,-0.29135185023959065,1
-0.33356534320416364,-0.18328783901293866,0
0.312383963603897,-0.1664945197983526,1
0.09143188960121568,0.3903893403306409,0
-0.1779641509518815,0.1695562507315227,0
0.07840321430634029,-0.31941510511250526,1
0.3025450285611123,-0.16787767732160816,1
0.19746270904926277,-0.24268579743881322,1
0.1302284711883992,-0.022481137135358875,1
-0.17004325341062695,-0.25374712443835934,0
0.14108624909113499,-0.3636199403873346,1
-0.349599637004444,-0.007756707189221224,0
-0.20288492727035623,0.189525480931525,0
-0.026568983601402807,-0.2003903546847295,0
-0.2855593063864208,-0.16963016807268386,0
-0.2233820910815462,0.187753177405537,1
0.33083420414280773,-0.3899519557315112,1
-0.237223346441211,-0.13406778559101584,1
0.01844535501330591,-0.1596945111803553,0
-0.2669895184566078,-0.04668105920973653,1
-0.3374435173709042,-0.15690871963571196,0
-0.26995987344125016,0.09748327545070501,0
-0.1013200661438686,-0.14440492268176847,1
0.33951573178322547,-0.35573786855597983,1
0.16382655997429263,-0.008347045175663759,1
0.18509862592735105,-0.10425171278809364,1
-0.10407762106002924,0.3542819092360099,1
-0.03178349071330655,-0.26785845250939955,0
0.15726161341313738,-0.2924578261804122,1
0.13066031001795514,-0.009966293584869668,1
0.2959666522271299,-0.056192363737521955,1
-0.1654409053728062,0.1280143029594225,1
0.10604802501157684,-0.15857379750516137,0
-0.134638566498192,0.15374700570018418,1
0.19059389690173745,0.2450499759631266,1
0.33452833208404154,-0.3876307361441927,1
0.02015923614392845,-0.2947857257927135,0
-0.26264365077693275,0.16782309470152001,0
-0.32918811542619025,-0.006522387309938371,0
-0.332123324775549,0.38673980578787714,0
0.18267245476160898,-0.13133868242038738,1
0.011945170375394332,0.376431859735768,0
-0.3149362269832456,0.2241221689261278,0
0.02656440345412603,-0.27343086547315637,0
0.3030391150829068,-0.12836539445271733,0
0.07591588473668809,0.15293319086812585,0
0.13820950146278183,0.010600789911732078,1
-0.2953169315758922,0.22918823683327305,1
0.09430329400609977,-0.27120248829020244,1
-0.023768935599963514,-0.18647560181975456,1
-0.3193896295693604,0.11825987192703846,0
0.2663314955938142,-0.024052149625344577,0
0.005856852564684212,-0.15903578067485213,0
-0.3101882624166207,0.20588694268618635,0
0.20115809840076448,-0.34025307687527717,1
0.2584239768734561,-0.24155958416548284,0
0.016914790983671324,-0.07309377105324388,1
-0.06637209044883813,0.1878416618391423,0
0.08737334477963521,0.3614842574701692,1
0.22798662971592865,-0.2816031671264254,1
-0.3339855406963516,0.36674246635077157,0
-0.16400690444397215,-0.0543669656702474,0
0.05794424927431596,-0.13500836131619814,0
0.18581684406192833,0.27569997848384764,1
-0.2618213779208549,0.3014366604638087,0
-0.2702902602411754,-0.20649896586933894,0
-0.11072222587838854,-0.09200477565264914,0
0.17172211541584403,0.39371557579676797,0
0.2209944090822581,0.1647646783626071,1
0.28004565856442243,-0.28456180023858746,1
0.2131462429161851,-0.3237985944606309,1
-0.06919091546501566,-0.251452710872562,0
-0.25556891228015194,0.11369161257002203,1
-0.02189555225295342,-0.3790827693250406,1
-0.2543494595905235,0.1843710872906561,0
0.023486128908015602,-0.3567246656730183,1
-0.007665085795627802,-0.22289048428146324,1
-0.18625293446009247,0.20153082311183057,0
-0.09023629486469842,-0.2478940533221736,0
-0.09132077271781236,0.21536676498489393,0
0.202678986885944,-0.006414816946132718,1
-0.22553067186910875,0.3592649393651074,0
0.08690051927068615,-0.2626610953438385,1
-0.16276775572414975,0.08083721799955879,0
0.031598342274993196,0.032173193405664935,0
0.19371475278361694,0.183424799673935,1
-0.01629505130131892,0.01139520036291497,0
-0.29289730195052605,0.04015218116588759,1
0.3434383607613949,0.15242320164932288,1
-0.09638782287278835,-0.30128112548441055,1
0.13813217099222286,-0.393948715722108,1
-0.23186771657988572,0.0642522307732844,0
0.10769389815944935,0.30012849636968275,1
-0.17259674742550565,0.17979384776206608,1
-0.1844583475004023,-0.15228422327609428,0
0.053106357704234164,0.14207089851664068,1
0.3008510900780862,0.3663844133134361,1
-0.2162787957578268,0.3173310739445857,0
-0.3453270889463491,-0.36740571841722414,0
-0.23994330406721023,0.12499658211100062,0
-0.09225564808707293,0.3065362522288376,0
0.15270460591146873,-0.3073025935065853,0
0.28228448459190103,-0.12047856268406071,1
-0.33669305963075097,-0.13081520985761375,0
0.2960769827737766,0.36676833315532953,1
-0.2169185846356647,0.20924436056364948,1
-0.1795597073037538,-0.11320404561677366,1
0.056160350581237695,0.3012687331062489,0
0.09105089342985839,0.06663013885248825,1
-0.10142782763105343,-0.2658531642310019,1
0.15336313612272734,-0.2432224860729102,0
0.14746049444621856,-0.28357126483959194,1
-0.2017193007664937,-0.39574087677783026,1
-0.017241121837766937,0.022425686979746007,0
-0.05083686169876711,-0.2918632200994433,0
0.06340423532251127,0.004552630949207881,1
0.06368405474632788,0.3675598982520215,1
-0.20686232882228894,-0.13001674967488802,0
0.060287855397268164,0.38251705778619305,1
0.1495297608457538,-0.32953197485397356,1
0.04841730087244711,0.16166988005422778,1
0.341874385465348,-0.1441911959039463,1
-0.287578053645696,0.3482363901324316,0
-0.0311357002682896,-0.09090978141724693,0
0.027127748328738766,0.045141274730754355,1
0.22263965419643228,0.37143327881135146,0
0.15075048831896543,0.34898739292791847,1
0.34713620841462967,0.22462882687865982,1
-0.2764163519238031,0.027622041891533666,0
0.053820812652031425,0.3740019953847339,1
0.08142079091686577,0.2493911183514932,1
0.18811160659957094,0.24024314877312392,1
0.21448343856811425,0.2772837665669189,1
-0.19162021250984362,0.03370658138050847,1
-0.16248771188118438,-0.24801778426940713,1
0.22933246589823064,-0.33315750710485537,1
-0.13047187532532747,-0.1815030420485754,1
-0.21969154253289042,0.34168325451387493,0
-0.28213490799704877,0.1956230716666807,1
-0.23699649869680578,0.15641812483645223,0
-0.20506903835775067,0.26170275689863365,0
0.2354783217175288,0.0984570272390557,1
-0.19998451295937705,-0.39965426852717806,0
0.015634056036058275,0.04924990058352341,1
-0.10779048805608368,0.3565444454906621,0
0.17453817980424202,0.31238002026332323,1
-0.3299496609476305,-0.0606156874938259,1
-0.2670656665994931,-0.1228082512580963,0
0.1337753878680648,-0.39522878831354424,1
-0.09059702680351711,0.08244917013900377,0
0.14010808111699558,0.10970797425610379,1
0.22459211402261725,0.3925587893309731,1
0.24846170068722084,0.35468278029701983,1
0.22070610843830152,0.38284975040680913,1
0.34623289186747797,0.0341641370130758,1
-0.320699125823889,-0.04360130339525431,0
0.21536691734934355,0.222150208618336,1
-0.08325558326524296,-0.16675040938840083,0
0.33409318634345153,0.1407186101332626,1
-0.15397457652056706,-0.24258219713181495,0
-0.24188153441626825,-0.07405274197871642,1
0.029298339456957034,-0.12964433566655248,1
-0.11475039660727393,-0.27563950481814176,1
0.25011768763781383,-0.3415726841483382,1
-0.27885118769808553,-0.1615648211731922,1
-0.31544804145210925,0.11379013572382879,0
0.3162509607728785,-0.022736942490282963,1
0.25120041988561137,-0.16089513411951667,1
-0.09706217650886068,0.006391709629453679,0
0.28775008585553286,0.04783859677373786,1
-0.1961421045963431,0.250364055328022,0
-0.12987095524444345,-0.37137838652072636,0
0.2635458794998293,0.2602984448089919,1
-0.2498091125823429,-0.29460698981436373,1
0.3038521078288283,-0.16228634774009879,0
0.06199260089147418,0.366401077723294,0
0.3218537216919187,-0.09175067851460444,0
-0.11273547689940744,-0.33690635067079006,1
0.09971063437357297,0.3283532077357968,1
-0.2953568271234378,-0.3296136339263656,0
0.10420690755416206,-0.35808546501952876,1
-0.22870356806600822,0.30665184668870993,0
-0.16319737347378038,-0.05095236326261077,1
-0.17881472561313816,-0.3014188624375167,1
0.09428807220596863,0.09116450390388503,1
0.3466447408035448,-0.35948377051284014,1
0.112925022156321,0.047016843804713215,1
-0.1857852047942894,0.30287867888842335,0
0.3309285596053477,-0.00975831543741712,0
0.17703044972797732,0.0946997052049488,0
-0.18336186928580683,0.26142026839455024,0
-0.28224209416884966,0.12107008861117519,0
-0.038521200339548034,0.032815460556032405,0
-0.03532876331762996,0.35784692299838294,1
-0.12128833182167281,-0.054125150900469765,0
0.11521474158688172,-0.021149730818497248,1
0.10504835514251526,0.12294255038961743,1
0.12894298268017007,-0.008806505648655982,1
0.2596771106634336,-0.20616283101905353,1
0.28191270389214906,-0.3686234456794868,1
0.23695560652105252,-0.3984315035315018,1
-0.33258943776013183,0.39554154746882775,0
-0.24585345071187276,0.07772182401630962,0
-0.035591424547907424,0.17292014603720796,0
0.23146288139004156,-0.337977378763567,0
-0.2992035152596128,-0.10355623054966234,0
-0.22700365341337142,-0.07923295854883394,0
-0.20871427843363338,-0.1397132421256786,0
-0.0253376734184243,-0.2884422043871241,0
-0.29759101656076287,-0.376234281796598,1
0.0577553660757929,-0.20163319333449767,0
0.3043788065079678,0.12247922517470067,1
-0.15222308597490264,0.36170923885720374,1
-0.042380256938441885,-0.07893283369045134,0
-0.19646497165213317,0.2762808123601317,0
-0.2592282606928495,0.03373675894680117,1
0.20605530290220253,0.3362095804806525,1
0.13863968440022506,-0.20363745438573302,1
0.13283941744715966,-0.2835853569872939,1
0.34727369711500844,0.20574365241705395,1
0.2356556064042199,0.18191694434668748,0
0.13043592085734834,0.2180254651075355,1
0.10177706358737404,0.29215924843751384,0
0.20578236372001635,-0.2537878476467462,1
-0.3250458326981101,-0.3483785980278585,1
0.24680439349272665,-0.2234081485652676,1
-0.05398071226016893,-0.3082953558416896,0
-0.17540741860031178,0.24901752128131072,1
0.06522173183745061,0.1456460251773053,0
-0.2203421416570601,0.28448510896220347,0
0.01586219324022825,-0.1649382246198896,0
-0.08144307988726818,-0.01734226054811483,1
0.15050681807174693,0.3837890985326914,0
0.01798892971713545,-0.26894061411746695,1
-0.3224538108493323,-0.241385414881852,0
-0.008248713915460837,-0.11242328449338779,0
0.3318984710775976,-0.3052681556446808,1
0.3015586279462429,-0.19124556212899418,1
0.34643365860473896,-0.25848165810420365,0
0.12782270309179727,-0.18458581305302185,0
-0.013563467882702351,-0.04855407003421319,0
-0.11510213189599919,-0.18987055047588453,0
0.12784959628609227,-0.10540156454311067,0
-0.23363406025808547,-0.30471663545776445,1
-0.32503818246572863,0.2452281381358733,0
-0.008179330845917487,-0.11875701299357416,1
0.31238775159396714,0.36079654682814344,1
-0.04004843306166861,-0.25575008546339195,1
0.1588581671841971,0.05988725653198301,0
-0.003543413646204252,-0.09251307463676345,1
0.3078919876727073,0.3693217950708241,0
-0.29829538937985456,-0.034687731599473914,0
-0.31633449978699124,0.3557316197770526,0
0.14566107842113646,-0.06513404539266004,1
0.26040605469189426,-0.17748754062694116,0
0.013047533776459674,-0.1867452698248469,1
-0.09748257178715097,-0.2774780821890704,1
0.016597669131672488,-0.1680642454765695,1
0.23481761053130967,0.3836916086429667,1
-0.33587834922193543,-0.021830785013782272,0
0.3094068488762789,-0.38485830457999787,1
-0.0814019158067315,-0.11216657575832117,0
-0.30503544130754706,-0.07946487796803481,0
-0.08499945949942489,0.12645932803662474,1
-0.0774629197672293,-0.19414682739365646,1
0.22586252983455168,-0.3880523180462821,1
0.0534393839083549,-0.3247876261378704,0
-0.33030424812260933,-0.011012401046710196,1
-0.25498951257915503,-0.02964514535796059,0
0.2411789381743743,-0.08318089489489228,1
-0.17813703620673396,-0.20770814736002238,0
0.011438933972628296,0.2585849171823499,0
0.11131856302061105,0.004851834183740578,0
-0.041287646337862416,-0.05021052242359947,1
0.21890181973317613,-0.33392306215676526,0
-0.25921061477698193,0.3028445214745902,0
0.16304847900191954,0.14858072192952831,0
0.10793419963957218,0.2998433407394091,0
-0.3227782832444188,0.27265733824248506,1
0.267761268997764,-0.26563167175220803,0
-0.3313706790523069,-0.17082939903623756,0
0.3042444525409215,-0.34562920031274047,1
0.033266025782389574,-0.00880610061756526,1
0.1628058951332081,0.12717680382964436,0
-0.2747226991492519,0.007136615375076871,1
0.18897410199842368,0.33099200310765375,1
-0.09703677987611392,0.3364216344062254,1
-0.10682292707881313,-0.2765535629076915,1
0.31117711271127124,0.000947220624225309,1
-0.1530768772421237,-0.1383512274365441,0
-0.09178912964057706,-0.09880719773388835,1
-0.00867207369691364,0.19777539502741193,1
-0.23709905448951507,-0.03069068469367764,0
0.025316921025447914,-0.010709434541023632,0
0.040224607163046766,-0.11437289408880941,1
0.008460052034674037,0.21117030028744677,1
0.34528219381655745,0.266493636957575,1
0.23694494358573848,-0.3123286477173508,1
-0.29512814371931795,-0.0004251160037456181,0
-0.29209433313152056,0.01239473285467263,0
0.12160702400558326,-0.2797809689222617,1
0.21420937507216176,0.2081777478693957,1
-0.05511192146931154,-0.26864010087081824,0
0.21737667293067986,0.2268245838825489,1
-0.029381573948522144,-0.34194022756232595,1
-0.10110093016534827,0.17392203768890013,0
0.34300122923892384,0.07054687980720836,1
0.20829736192776094,-0.052517261969708684,1
-0.1199754258037502,0.2156482660851039,0
0.06240783224670965,0.2314032820834796,0
0.174575153334108,0.2526448763745718,1
0.04534322605644742,0.1524303374233672,1
0.2789408415420004,0.1878193945860155,0
0.2802164191157104,-0.25437967084568647,1
-0.2060705137722649,-0.03927345110818353,0
-0.05025983262952444,-0.3347589506602393,1
-0.20063903415113057,-0.30463398656592555,0
-0.10012213696237288,-0.35446240342694146,0
-0.12093234999764574,0.20709118452790531,1
-0.3004541092374046,-0.3613496980954274,1
-0.18006340044077118,0.266294532112873,1
0.11735056874256722,-0.0074839652566255355,0
-0.31742838459880485,0.061676853357025,0
0.19875187664475746,0.23819058905991952,1
-0.12429289478691535,0.04357488699214718,0
0.22520514125880275,-0.15533344008285424,1
-0.30716504968146563,0.1670547426372686,0
-0.2662603047404645,0.20739918248010125,0
-0.03795512915473365,-0.22890267450503796,1
0.05995227451890989,-0.03314499926263553,1
0.21893927171600713,0.13892708179249802,1
0.05998796676834911,0.043175696832579546,1
-0.05151458183174623,0.2925963472074484,0
0.038631966387403294,0.2680139485393641,0
-0.03191408137710133,-0.359673700045743,0
-0.13309695317636278,0.03843475733211904,1
0.21358914190937417,0.3411596055348356,0
-0.24786545140015542,-0.17454328688646994,0
-0.07385348614276765,-0.008926246318486819,1
-0.230327865757108,-0.27918107166702283,1
0.21100840277179245,0.2746792304286435,1
-0.09783842250815061,-0.087829014087489,1
-0.05728394381625107,0.026661934756232797,0
-0.2690569682799378,0.20449879563875117,0
0.22722080362809327,0.1996125436499785,1
-0.08308557403441935,0.34432728226752984,0
-0.0720068461590812,-0.21807414574500142,0
0.22710640647218883,2.1865195059256326e-05,0
-0.31922009155487197,0.29693506337457154,0
0.17436878394658906,0.37644620864395184,1
-0.2583352348688492,-0.21197102485336156,1
0.2651959836470519,0.270385658260368,0
-0.2373452224240662,-0.13433624635646968,0
0.2637453113240765,-0.033057404308304617,0
0.3067651588677234,-0.10425181892293767,0
0.2563742303863654,-0.06156333929201202,0
0.0059061360638296145,0.17095432177473446,1
0.24892316165706163,-0.017455833614980154,1
-0.3268185053751526,-0.3925714559685936,0
0.2631973410282147,0.0935084732462303,1
0.14644109899640584,-0.2312339753310429,0
-0.2338559284216476,0.016435279956152016,1
0.2541860200128242,-0.17500123372541926,0
0.1413003260066798,-0.34824895720906207,1
0.22474823625004414,0.19579232103022537,1
-0.1736978814277003,0.33516464132370105,0
-0.030785780282465813,0.1713120913234587,1
0.24949216993697187,-0.17829021472918233,1
0.08176769888643648,0.06151478538784555,1
-0.30191552312449227,0.3612509432258021,0
-0.04242785828725465,0.29411585959074893,0
0.13508468895801934,0.3718203122212901,1
0.23240998454658734,0.048704996239859966,1
-0.013783802420695213,0.12731574422543157,1
0.3175021621377534,0.2724786153777211,1
0.10739327267176202,0.024870985735103823,0
0.3464025611959537,-0.3229426763682581,1
0.28401591752542443,-0.14221592912670372,1
-0.1654540386552375,-0.16899864640851048,0
0.2994203357954497,-0.20958531693645394,0
-0.08152790600159898,0.2936243309636606,1
-0.06895197315071921,0.008586542756151228,1
-0.07510534343956621,0.2245117353430407,0
0.15312514433364777,0.1655277712018982,1
0.23180059005732245,0.0770238497817049,1
0.20377978281808706,0.21653223518196718,1
0.20290003740421958,0.011328809543803608,1
0.201169825773724,-0.11730880759023493,0
0.14813226862409445,0.18206495465837702,0
0.26363621247755753,-0.39292251247899057,1
-0.28251093242481917,-0.026081082968959834,1
-0.21728413657844,0.3008184206000889,1
-0.04510500741331597,-0.3873175451055271,0
0.28211365635218566,0.0652529552895591,1
0.0894051948745056,-0.38246038561280404,1
0.24975081586832082,0.061017999066189876,0
-0.2884063598505919,-0.27472319921846744,0
0.2722454450567757,0.3888886530156379,1
-0.21413739535286874,-0.20349528377996756,0
0.21145729924010115,0.16717079994811823,0
-0.33448084286053786,-0.3045211099796979,1
0.325550035578384,-0.30786778427042105,1
0.11694891085421838,-0.19858013678775566,1
0.27433020411943554,-0.25601928866347334,1
-0.18386807179563985,0.23481756788302355,0
-0.2694656610621221,0.2227062137281608,0
-0.07107657127944417,-0.2675686976151319,1
-0.1991431103404094,0.37590386808953924,1
0.26153682639381803,0.048693745663312527,1
-0.0440770080085261,0.13169644744927422,0
0.22076193568831393,0.08601140858170353,0
0.09757498762132794,0.3634627301269101,1
-0.15823543826439337,-0.09337909043387549,0
0.23495529165095286,-0.24019297658404676,1
0.09444331003438938,-0.08792560189691495,0
-0.08685582574030692,0.3891066019143413,1
0.2918199505924203,0.2954079707811561,1
0.34392795376371355,0.32701371033156434,0
0.16489329014604281,0.31175183656950667,1
-0.02975043707439018,0.061042287153644625,0
0.14174047627979108,0.2351977852480437,0
-0.08483252765623434,-0.09628799467219684,0
0.28408697764883084,0.15568041497599938,1
0.31556344220797894,0.15500386207011652,1
0.01719253037820928,-0.16816307079368764,0
-0.14793085374396026,0.03552029932869488,1
-0.15755389831604721,-0.036962412384036525,1
0.07234127726626616,-0.18524927240620423,0
0.2874243355298105,-0.39468516361922196,0
0.1485279300842537,0.139198128785482,0
0.016341174946696346,0.1324385685111179,1
-0.2724168380333148,0.13450052834549564,0
-0.033789507579143285,0.28859326760160886,1
-0.28694288179587035,0.3322312306614431,0
-0.16384080403132478,0.0556919626149221,1
0.13715350028291962,0.029971244818762954,0
0.035916420370450175,-0.09640044626295358,0
-0.00045780299920583634,-0.11600099368550504,0
-0.2984319113248033,0.18666023226642803,0
0.06787029444512166,0.3320565040789586,0
0.1445921008822038,-0.3641643459958432,0
-0.01339262715085432,-0.3235097764588837,1
0.33485403561466465,-0.2020865690351369,1
0.18436921972532305,-0.05632013083411769,0
0.18369433205490493,0.2967372705775476,0
0.24002867267895733,-0.26780826002921265,1
-0.03514698124733434,0.3126794301584427,0
-0.13657816763193234,0.15893264860131073,0
-0.06623291922394542,0.18205599405931094,1
0.28201645014169274,-0.12346233224831027,0
-0.02222559366965593,0.21507107956060412,0
-0.308095249292864,-0.3546355689966948,1
-0.013292448811505209,0.38672876498316733,1
-0.33299897920598504,-0.125440240195951,0
0.014405585149873612,0.33800936248883995,1
-0.2979724740436744,-0.16303206978419427,0
-0.08812049971183666,0.2605894515747138,1
0.3143071107663661,0.376697693055251,1
-0.2167734447579368,-0.3855832986864566,1
-0.26004468146239806,-0.3131478000817636,0
0.13297381922263224,0.049244202231300105,1
-0.04608239293402083,0.20680481671206152,0
0.32320992693293016,-0.2548768809734148,1
-0.1634013152404178,0.21425225095677536,0
-0.18701472552343015,-0.24789873128520412,0
-0.12335701381708891,-0.10500654817254357,1
-0.22060618887531733,0.2989839465976555,0
-0.23944558252538806,0.3307825297624326,1
0.30443464042846613,0.35141051887853436,1
-0.11448746619539732,0.23234584922838908,1
0.0798009471719845,-0.13697542790391726,0
0.18455466738844595,-0.011539015109780837,0
0.20280203543009434,0.013675204725916879,1
0.2927584510943191,0.2346815112270515,1
-0.3287104398932713,-5.5292665126660534e-05,0
-0.06051344401372977,0.2699688676127272,1
0.1010604153234268,0.3304115444083806,1
-0.2743717974746813,0.28282842001717645,0
0.2506409567895733,-0.11428234124730824,1
0.23028344076100227,-0.14308393969001693,1
-0.16003433491008914,-0.29202313208646014,0
-0.09628020934628478,0.05668812968887782,0
-0.11081054556262859,0.23897609539674114,0
0.2272804425817332,0.06365995919572842,1
-0.17659234330975654,-0.11787235402121271,1
0.1537106754024985,0.2650308187463831,1
-0.03912539625137634,0.17411342198409618,0
-0.25592035720614176,-0.28998835650265065,0
-0.2617790812804132,0.37828965888848154,0
0.16586023859787158,0.1450794543376661,1
-0.0008728432656564533,-0.04780333488599264,0
-0.1205114879297493,-0.3149461585246637,1
0.07593842321547783,-0.23324670512413928,1
0.020995799952378325,0.3828322775063733,0
0.019427873115121286,0.12408466431131326,1
0.2820888132298376,0.1539928503753214,0
0.11876442548303773,-0.01696311985613186,1
0.24016687815787974,0.2762857488843291,0
-0.22373591163735307,0.3907231662850398,0
0.10174781990341958,0.014765241958488828,1
-0.02396845666728592,-0.1476839354701176,1
0.005874561576251602,0.34784569227292816,1
-0.06401973816093687,0.025461203300673585,1
0.04008628983133378,-0.13772541541682293,0
-0.23858700666869526,-0.09019516989456083,1
-0.0021287204489526257,-0.18731514695179038,1
0.2911758402500332,-0.20479948476502302,0
0.34056006356626944,-0.09576089977555463,1
0.2691781706167633,-0.3598577364062221,1
-0.03339199799411252,-0.3721837776888,1
0.25012987509440854,-0.12274970937204827,1
0.0392057595883743,-0.21849081424189665,0
0.15933704918655311,0.05612534048791984,0
-0.10414958746745337,0.18889725517636546,1
0.05205139559284372,-0.2955869254840863,0
0.24996027074274374,-0.056870743214844754,1
0.3442417719293892,0.24464618194884824,1
-0.18458346811694082,-0.13525782581859164,0
-0.009166891824357204,0.2655728028691138,1
-0.0812527437508132,-0.008390316089712246,0
-0.15504659843605897,-0.14257447988316907,1
-0.17164110687641684,-0.24981567066349275,1
-0.2813473093957909,0.39521721884370886,0
-0.05317496775266928,0.3904588229300029,0
-0.18280768693276653,-0.3550930195468869,1
-0.32441318528024043,-0.3635935619878941,0
0.18732481604283135,-0.028808079873086256,1
0.26670985542564274,-0.1514269120794161,1
-0.15078344435023372,-0.33179414719543393,0
-0.06411523006696768,-0.1397714150896504,0
0.2751041887996116,-0.2003669066474954,0
0.0183699916565509,0.04478697205636528,0
-0.19682022060061577,-0.33239727773598793,0
-0.007790404276215357,-0.18090736104587385,0
0.047608125904986254,-0.19146887101619808,0
-0.013087798092390357,-0.18382258525518733,1
0.17586719724423372,-0.18190886063215805,0
0.18232758829847262,-0.11515320175577165,1
0.27242455523627107,0.1383614589790284,1
-0.05417967144850527,0.13950084484265945,1
-0.3237197251667664,0.048178436287268256,0
0.23376223598411638,0.14099052030675208,1
-0.02543184516881314,0.17801045307298813,0
-0.14286445538631967,-0.15664447942785148,1
-0.12447670895973498,0.3441945115646915,0
-0.30061888150368943,-0.02002973816240211,0
-0.2942409455738293,0.27262711641712334,1
-0.31326434991492097,-0.22201111034097015,0
-0.22469579500935488,-0.2687894917898242,1
0.03477010428565325,0.059354557221446946,1
-0.14220779978908205,-0.16372771514940165,0
0.11680292917016277,0.33082627379764473,1
0.2349297303511838,0.2525236344663364,0
0.1343861913717525,-0.30776068771786047,1
-0.1430108108740139,0.28056214474356533,0
0.042686543389614306,-0.15572327430045033,1
0.2741234764370172,-0.02519141441783085,1
0.13735496264395997,-0.08429811010210708,1
0.3173340647922238,-0.3069494760936098,0
-0.14222774019337459,-0.38995821935512565,1
-0.2452845877742661,0.2450293345227521,0
-0.27368087017398335,-0.006241296879088143,0
-0.1187754510404441,0.030383801333559002,1
-0.06398293271918698,-0.267669403361013,1
-0.14199525721350664,0.3327989431993599,0
-0.005904925366641556,-0.23959286621688608,0
-0.14363524127852748,0.04786194645308128,1
-0.3494777586882603,0.07935885958748867,0
-0.22366639165021096,0.019701946459811492,0
-0.1102553966202145,-0.1698010190393025,0
0.21932012742039242,-0.23749637153736103,1
0.20649554619961352,0.16827237035970932,1
-0.24577045534764697,0.23978249161997656,0
-0.08762370455181323,0.33948495195522366,0
0.17749493801149852,-0.32297559942708554,1
-0.3317683223128527,-0.21513430338422657,0
0.08273269385067517,-0.3550315905882118,1
-0.27050225080828433,0.1414444951030105,1
0.1560911569619028,-0.23472756571156328,1
-0.08197769863946641,0.22879427080308568,1
0.2888595798790454,-0.03328504731492349,1
-0.045479364350175355,-0.25697606767329506,1
-0.026551900716351606,0.1982585148337892,0
-0.283800692114454,-0.03203002150326062,0
0.09261533995592136,0.2766448379539205,1
0.24989636565094286,0.38319799028197765,0
0.19714580091354317,-0.020838232747356966,0
0.2776313119789565,0.09994597972021957,1
0.0039584732305631976,-0.1286594050589986,1
0.31436295346575704,-0.2632631424640593,1
0.04104490820472889,-0.3697056809129282,1
-0.3194577362454197,0.040465347856037504,0
0.2085706552709592,-0.058235929886011395,1
0.10828849381021821,0.2744394579980899,0
-0.11821412794870823,-0.24330099109263204,0
-0.18159660011307038,0.11759008681452432,0
-0.2907699637440907,-0.04788484201323717,0
0.05915562263644153,-0.22742368121385922,1
-0.31158693969916884,-0.3513720168970531,0
0.1862111668463441,0.06583540519918474,1
0.22277562285748131,-0.17804407830162053,1
-0.09940912306525512,0.351953538509312,1
-0.30125008911502743,-0.28111508928955176,0
0.014292479456250284,0.07924096229257527,1
-0.19931378659292553,-0.10171735431912304,0
0.1837341128239105,-0.35417421910484326,1
0.29391767827985205,0.053375905805450874,1
0.1463299142898078,0.1721405044805857,1
-0.2690678067610382,-0.31918659800664306,1
0.02738541330128036,-0.3028513631426706,1
-0.1901594641370323,-0.28851474152914247,0
0.19197203408056196,-0.030646762576936215,1
0.3076993942230789,-0.3643969084148848,1
0.278300446289792,-0.13494136600772783,1
0.05474215138485705,0.04748367512192242,1
0.1360807665794539,0.38714995528072593,0
0.012267255290164869,-0.23850504224856933,0
-0.29163150193629483,0.36738297289191213,1
0.11539283041671583,-0.16606415027806876,0
-0.03429265189895536,0.2945733702846307,1
-0.10261950931805963,0.07224763639247395,0
0.28908903941390807,-0.13485835788421774,1
-0.24322339132536636,-0.15474808822175312,0
-0.049757771132895146,-0.28290833635519763,0
0.16669381613452106,-0.05678924832953569,1
-0.1407753874129843,0.29114343704745715,1
0.14953552577030577,0.06929049796763576,0
0.002058202560162148,0.27219148495547263,0
0.3407666903340184,0.16526140653044608,1
-0.303241302914499,-0.2741223502647192,1
-0.15763652757746005,-0.3470772966482863,1
0.1955993580384534,-0.1309371782204261,0
0.0526404500215637,0.3515317045276506,0
-0.19447068100014864,-0.17197484102584593,0
-0.037863933319864096,0.3442574669045818,1
0.25406564703233725,-0.05427484668302218,1
0.32882738754818364,-0.296366600561369,1
0.13884310364502073,-0.0984496112764025,1
0.03548962362611641,-0.3712454497847598,1
0.28699062007130804,-0.3407810700192102,1
0.11390036384757563,-0.08679341678248165,1
0.1892816828884949,0.11118778028853504,0
0.014182777347652553,0.07312098363471026,1
0.3185678046655379,-0.37588138082668554,0
-0.3471165023286076,-0.3643063645342774,0
-0.07555015029796525,0.11948548327630903,0
-0.14225372511834625,0.2779349244831347,0
-0.06142177571829949,0.26585860404988804,1
-0.24874693751183685,-0.1148151795552555,0
-0.11523125277538743,-0.3871597531329701,0
-0.14418671468853395,0.2110650434186403,1
-0.2130930544462825,0.37176294734912696,0
-0.23880873339080444,0.23244908598412262,0
0.15423879832265286,-0.3684325103337929,0
-0.08188991656498956,0.29711589643404424,1
-0.022399940901679793,0.14934886650619583,0
-0.11363439290447563,0.008573360099140725,0
-0.15089314537753712,-0.25824039754023753,0
-0.1660685467175373,0.17994208648829635,0
0.04279206675131891,0.042210085940248,1
0.1005960441597743,0.09897286981707537,0
-0.15678107892310952,-0.12630386494661744,0
0.10418306775142738,0.38502609897846873,0
0.15229261047404574,0.17098074296104993,0
0.0777818868477928,-0.22846378776667706,1
-0.11326210406402984,0.3749036175390019,1
-0.008409256036439383,-0.2532990109840778,1
0.12279503313197349,0.24842768521109448,1
0.19447940703144717,0.022624625102017515,1
0.0835163485673428,-0.10296809908892995,1
-0.33498372703627927,0.37006572524054826,0
-0.23560384045822852,0.01954927192558875,0
-0.23425821124958046,0.2839161479932145,0
-0.22287779858918272,0.39199355487538357,0
0.1866080634096562,-0.07339691127803843,1
0.07782438450279866,-0.10000579110702751,1
-0.18735919286751995,-0.10292084608161983,0
-0.02220740791468523,-0.09789120481240615,1
0.16878937869775723,0.04305452389818243,0
-0.08542954808460929,0.07006652171494371,0
-0.07283347050265898,-0.25466353829210087,0
0.3242189125096838,-0.21038223333658002,1
0.006215245631921773,-0.2411877602665153,0
0.015291148010817712,0.31757787815361693,0
-0.1301739166170032,0.09680720473937943,0
0.31485841081745003,0.19719513592368298,1
-0.14449271169840366,-0.015715238109270224,0
-0.17087989311351354,0.34395522049851623,0
-0.22247034366211144,-0.1422457918856922,0
-0.07190592400018636,-0.29250116592070646,0
0.2324350192560256,-0.28011693371070684,1
0.17854728631550032,-0.12930946352949535,0
-0.07283681418720678,-0.09695953728510365,1
0.31768776173854407,-0.15106478578826002,1
-0.11446056763363083,0.13258152839787274,0
-0.03279084589966136,0.2287002841198742,1
0.20395346144732307,-0.24593415174790556,1
-0.046124941914512996,-0.31659173035354676,0
0.284972557109195,-0.14436691839895177,1
0.20032723798059016,0.26229094109910267,1
0.05771853177374203,0.11386476983946459,1
0.18738261199184936,-0.2802187465950007,1
-0.30653352027604097,0.15045446222748682,0
-0.28193641845917816,0.12933926307913324,1
-0.23621699555568137,0.31646853302578004,0
0.1742737074602474,0.34113096463378634,1
0.24385579826398773,0.17250598525716643,1
-0.1106347032175524,0.24774623567611043,0
-0.2544474553213301,0.09709812750839408,0
0.06674345623188116,0.29659166691068517,1
-0.15546565478910115,-0.042411294973833336,0
-0.016058986965896027,0.22234756087630503,1
-0.07298916575797382,-0.13012296586509198,1
0.023689133910789806,-0.17983996989845866,0
-0.149163495957672,-0.39076775868700875,0
-0.3292311136256676,-0.2796919257855983,1
0.1622347398500138,0.028102914350874475,1
0.09488854624442944,-0.0776688044759094,1
0.31003903315000847,0.05368855686989232,1
-0.20952346614350784,0.19567618710350876,0
-0.20398664266129238,0.031718080416968,0
0.060060217509300406,0.34280263908507913,0
0.2553995530137041,0.021185870744516222,1
-0.18071389645294467,0.35826469595018995,0
0.31104389930558884,0.128950197914535,1
-0.1200499740073516,-0.13807270035215513,1
0.003401923047602118,0.1317642025570801,1
0.06601826687250689,-0.24921079322465484,1
-0.30328537297658065,0.28935131276603865,1
-0.006779078955823803,-0.15053600328684658,1
0.020242448036040916,0.01569430128161542,0
0.054500095923433745,0.1573606214726857,1
-0.31443544147367625,0.21464570579240116,0
-0.2855380697030935,-0.019044520356585437,1
-0.05572958144800988,0.3758613746007783,1
-0.06631654541563098,0.03067957033370361,0
0.1121942524698969,-0.08149879172950297,1
-0.2268580853073513,-0.2405290958340765,0
0.20083063927853861,0.334987955441844,0
0.23595276015578603,-0.012103168756229632,1
0.3268590226007325,-0.2630299581496945,1
0.33754039547644066,0.1267852182498863,1
-0.011431532940473998,-0.018775192313096156,1
-0.07837933746615955,0.31663497617229475,0
-0.03653634907322767,0.3653329928626661,1
0.2218608049434383,-0.3327630859497286,1
0.20490131109308918,0.26208753280287167,1
0.18915090055494532,0.18577951978488128,0
0.34774958242633414,0.2614433567463076,0
0.2667397272273725,0.23387856262365847,1
-0.12693332909662783,-0.3690071501563937,1
-0.20333763132969512,-0.2889837919751094,1
0.31598407067958,-0.16729705063418499,1
-0.24165155680220263,0.35587047756827017,0
0.22442989567546934,0.13803534037496878,1
0.31590423839545845,-0.21613065745418442,1
-0.3011455557167646,-0.38598242794601945,0
-0.0940314603356131,-0.3139203038711096,0
0.1265429437153321,-0.2551695873864551,0
0.25244952464000403,0.2231714145512792,1
-0.044580299013449454,-0.22955392728635574,1
-0.32986292709890513,0.3495484512167266,0
-0.13176196743773078,0.29336138500638653,0
-0.06340299465045651,-0.38445362924405524,0
-0.20406555445760913,-0.10245769384287312,0
-0.2623446123656606,0.14390494059069792,0
0.3053690037956437,-0.10400893724143678,0
-0.15964321921793528,0.33634711705671716,0
-0.30227768505544234,-0.2240244381358318,1
-0.0021847298192833042,-0.39309449470857427,0
0.21877303656416136,-0.19061005753588622,1
-0.21048848015017896,0.057734768063408715,0
0.34402939406185884,0.34917661420528334,0
0.0944755753810505,-0.0948737800664966,1
0.001505239322269536,-0.3177404551655585,0
0.03106839026529684,0.00023379905179066185,1
-0.04906852339646334,0.09290960449395713,1
-0.3446177188022568,-0.19339226360287123,1
-0.24520375937903396,-0.2810616910252575,1
0.23461592311826973,-0.06390595220200901,1
-0.3401024518042029,0.268348101044365,1
0.02581004582584029,-0.08214757490342828,0
0.14792417639867456,-0.08628109803953332,1
-0.24568931472325956,0.31356051027246823,0
-0.2572311299556865,0.10828963831232019,0
0.22659301502155182,-0.19550359793041264,1
-0.34428288105739474,0.13406101450912045,0
-0.09876198890933902,-0.2549874270833331,0
0.19923277032450493,-0.16376364943137434,1
-0.25923919460778827,0.11175633857317302,1
-0.05664292241971591,0.3217376851443582,1
0.13354013424062278,0.12391792828111581,1
0.014103946515629129,0.018751624192583916,1
-0.05127605189944201,0.3814652939545621,0
-0.2708404483254034,0.055094894679225626,0
0.15463431418853923,-0.09257375819713004,1
-0.10466091425861304,-0.19953780930492232,1
0.05520965083082291,-0.29971920265564855,0
0.25123815784679726,0.2372400280916095,0
0.17677345776282438,-0.1475691548561257,1
-0.34327535893482536,-0.17215386580205447,0
-0.10908215718897879,0.297619586985544,0
-0.09207246694678656,-0.011104887549171938,0
-0.12424853921785164,-0.04963700286791595,0
0.09336433243181047,-0.2489802216627112,1
-0.20242047727306894,0.10394086189016316,0
0.01872803793703115,0.302263179907733,1
-0.28214242813485946,-0.05049789786869674,0
-0.05238461037425063,-0.373545065128409,1
-0.2446314935002612,0.29518013794172515,0
-0.24237604456705308,-0.17697782850333424,0
-0.20835819848184284,0.3109637773498529,1
-0.2591674856647058,0.2786390501796644,0
0.2953785696273704,0.3605496802404323,0
-0.10808219566739358,-0.11353609820731853,0
-0.04279043380383546,-0.24742134736961285,1
0.23589244606700066,-0.07360827109725887,1
0.011743141672846513,0.38587096749128325,0
0.2793926043428926,0.22556819132272787,1
0.08189647676643863,-0.21124433719924998,1
0.0169485396670761,-0.3229897042219941,1
-0.23043876589960377,-0.15982504752880333,1
0.008014307061665171,-0.10258795496472056,0
0.19221538326567,-0.08428153872459748,1
-0.12647355769456536,-0.17860507051076216,1
0.23861568932660615,0.07402137057783931,1
-0.32097823404629844,0.36587041316490854,0
0.16790743468538205,-0.1395245214187883,0
0.08528144576334451,-0.2127000850515776,1
0.333195875077702,-0.12631510431789045,0
-0.13956900452769083,-0.07305131526552461,0
0.2949039246169278,0.27918029679813017,0
0.11693029856395343,-0.22746544818310693,1
-0.10182689765662967,0.08649075734554668,0
-0.19539564719065955,-0.21637622135187984,1
-0.16320786507417975,-0.17472391689158143,1
-0.2566397096634175,0.38898081942250373,0
-0.20856527252019244,-0.2787465009076572,1
-0.28615895457197177,-0.29277955208348927,0
-0.06327610180247889,-0.3085297962368909,1
0.29387559491459325,-0.19494648960283556,1
-0.2936466251535981,-0.0678238312216431,0
-0.23094490947924484,0.17881082040682694,0
0.28032446908262,0.1745731692541297,1
-0.1996495083193533,-0.2990240585519328,0
-0.2692538706441736,0.36817361803338144,0
0.24978697916792303,-0.0807630550453432,0
-0.047730266715510505,0.05843847442551919,1
0.308279239868675,-0.06323398855300316,1
-0.28729471441756615,0.3800327222971084,0
0.016034333072287743,0.182753889848282,1
0.1435492580307492,-0.13418954913346692,1
0.19366054212584505,-0.010699084890560706,1
-0.0470458800124916,-0.1853299321918848,1
-0.07546687594019835,-0.09187302087976379,0
-0.22626444599089945,-0.03808807477848425,1
-0.22438853678298704,-0.28724082469845363,0
0.34556912174185106,-0.14793126645178328,1
-0.090794098269804,-0.13899855706607028,1
0.28143230979655254,0.005277019952806383,1
0.3423325559057464,-0.3998820550229882,1
0.22815996946600958,0.2738114972604212,1
-0.15278623397931515,-0.08884676779846384,0
0.1611060537421235,-0.32900333757112543,0
-0.28359367573383215,0.34925518377988596,0
-0.3078780287001301,0.06624953142122869,0
0.30889523642151495,-0.012284220287702374,1
-0.17943147913598995,-0.20907660497346986,0
0.13381585242242822,0.07956822120464341,0
-0.2476799471395241,-0.3337442938514296,0
0.30160433593163216,0.009095299296150938,0
-0.03674700670279074,-0.030425903669746845,0
0.11894453764697843,-0.24760382989621654,0
-0.28366074550944115,0.2669729748694295,0
-0.0240366380434075,-0.07337016501189142,0
0.29891668483162137,0.08302471518254972,1
-0.29940901365566497,-0.31941616699909947,1
-0.14910770888152192,0.027860693136752324,0
-0.005571930302575745,-0.2540856857743402,1
-0.1686495032967856,-0.39846324991455084,0
0.18136014413985002,-0.3555470855759518,1
-0.34284583707387584,0.05293648081278224,0
0.34528384087583996,0.3707647058984537,1
-0.23065602027374152,-0.20508088292093102,0
0.1772144263227976,-0.24259942863312337,1
-0.10732723142930675,-0.3838365483193368,1
-0.20815845413547687,-0.20237015866321198,0
0.2868656216663811,0.09445270372323311,0
-0.14578899804470352,0.22199407587402908,0
0.025925780219642314,-0.274200392288287,0
-0.1300607943909059,-0.08714478224943478,1
-0.2735523942789312,0.34180214730825076,0
0.09433077729570077,0.016237480797719805,0
-0.25169857006068447,0.2545652388755505,0
0.10660237957709034,-0.37568558616287967,1
-0.001962349903227467,0.28329209989565685,1
-0.23909066704145054,0.3839124297154529,0
0.1017262578702054,-0.29110756173063956,0
0.10123404093265725,0.054654492875333915,0
0.2810641297209726,-0.2516581309402607,0
0.2034738240436651,0.2798850523744313,1
0.14846720743144642,-0.12704076057105135,0
0.023735315399036838,0.22565214008378465,0
0.28070929545910395,0.26188253902855585,1
0.03744978335805277,-0.1068475467192922,1
0.12976125905159008,-0.17587421768947867,1
0.17578235846706114,0.3500547218922767,1
-0.1857732079345276,0.3567567438283151,1
-0.338763430676257,0.2381479493083094,0
0.1327927192089331,0.2378234295753353,0
0.2899019189698798,-0.39147420334465377,1
-0.239626367204327,-0.11012897205017363,1
-0.12923956212817816,-0.011330710539081246,0
0.0011615464567495959,0.24993657965763383,1
0.303181782083805,-0.062056471672655156,1
-0.2863490612796641,0.223737120310615,0
0.23609159613688158,-0.36891705573206013,1
0.09168058245751254,0.15363974780833867,1
-0.10804040405394916,-0.3264806993485827,1
-0.16743704303971563,-0.19761785278346436,1
0.314846800515286,-0.3136508970872034,1
0.1524994469294394,-0.017657210139687796,1
0.019198141912407096,0.340124837240669,1
0.2664858570505375,-0.16024902331682986,0
-0.15957046824266355,0.038474446251990646,0
0.25332205499981963,-0.18808666524551151,1
-0.19940529997539808,-0.09283214093191178,0
-0.1650628621079457,0.31787239829764913,0
-0.18717104074876142,0.009939565819858664,0
-0.31803343985750404,-0.3099742912563625,0
-0.33820958652022304,0.18557741064664146,0
0.07667192345394702,0.28265801699394477,0
-0.27239848356395446,0.33941633053810916,0
-0.17892641675309987,-0.3145285140499712,1
0.20389776901835122,0.10804694939432602,1
-0.332631165291593,-0.23011164583895047,0
0.22237067941156552,-0.3922173552081777,1
0.14143812123587834,0.25693747453604143,0
0.22673539449230262,-0.1921674219301643,0
0.012153158260765518,0.12292824146320902,1
0.33626507920210547,0.28351326342112326,1
0.25750720081514566,0.10580405823821726,0
-0.2146816839571668,-0.3516561497773177,0
-0.11001582505338225,0.17921041450267317,1
-0.019854422631825908,-0.1030575390920318,0
0.196100718358324,-0.1404621853012435,0
0.19741304455203235,-0.053349625768515985,1
0.07387045910751477,0.004045512397905182,0
0.18660467054487917,0.12580918641097072,0
0.19417458707053192,-0.2291222951019851,1
-0.29820360995962775,0.3105561501940013,0
-0.30605058783579897,0.19322743834958434,1
0.022551461327965483,-0.006288970339716926,1
-0.24137852900048104,0.28207821050082493,0
-0.30325229378862323,-0.028110757959643684,0
-0.31683239881903913,0.018580190625251347,0
0.03759043094669223,-0.13000228656344276,1
0.21387218351348325,-0.1721933951353358,1
0.18400312429097943,-0.1251006773957598,1
0.010937932421203334,0.11412799509279259,0
0.23182851404746874,-0.2262721634472601,1
0.31946684524417346,-0.33124143118529475,0
0.1547663176990911,-0.3977176533951702,1
-0.32393799947157653,-0.25577338536424576,1
0.14133145190610708,-0.3564735699746544,0
-0.10520989785063065,-0.2748754628615917,1
0.11729304456095402,-0.38780311517306204,1
0.039376162189381614,0.18335234379479792,1
0.007505989357533049,0.3660274136719315,0
0.11285861902816291,-0.3918773073848618,1
0.010908809589529778,0.1323632334107201,1
0.2644729623323767,-0.0676889905807232,1
0.28200301091945523,0.37784313042318063,1
0.053541893783431216,0.19050798790324985,1
0.2574806266042724,0.27611958611152243,1
0.1044553055475087,0.04037149373971527,1
0.010840984404894893,-0.13925539513566892,0
0.3054310013002989,-0.287577913039333,1
0.1905567639840069,-0.3648428542147059,1
-0.13890950058728516,-0.05227699700900812,1
0.04658969984529315,-0.22856370905717976,1
-0.3398947881348631,-0.27949351350666557,0
0.06500479278831361,0.22346613532260495,0
-0.1632591738313707,-0.3209527992256212,0
0.051716580454120586,0.32599362956237266,0
-0.1294447093242134,0.2900115603379321,0
0.3220356981887129,0.1692219345147704,1
-0.12203904154427406,-0.26519899245257894,0
0.15768805554745646,0.24778019195076628,1
-0.16607339015457878,0.1702284781357758,0
-0.2793960375187987,-0.012507850443379986,1
-0.10824729362709498,-0.241709087452635,1
-0.10450520338108588,0.04298436665633282,0
-0.2420599886647668,-0.11674081597198072,0
-0.30020177445368024,-0.2089675609432285,0
0.2600333237656972,-0.16046491271734464,0
-0.03381790418743286,0.13157076050630012,0
-0.3192178264335152,0.2866743907451187,0
0.12809297402620096,-0.11505216507975308,1
-0.2076501794223939,-0.26763365468626443,0
-0.11975160953371758,-0.3074943917281052,1
-0.12400679405901352,0.17096577559562276,0
-0.23316798869642802,0.3453658874525225,1
-0.02822574741550199,0.3164012975035486,0
-0.02649543382841968,-0.01873444315278483,1
0.2799625450579464,-0.14129338282077042,1
0.23108949613475505,0.2338635083705829,1
0.05895278496791523,-0.05073832236406439,1
0.17418910116553765,0.1362827118966552,1
0.21339112515544656,-0.2558319926378445,1
-0.2880317095104351,-0.2511042344881088,1
-0.09925663622563957,0.3481049720593611,0
-0.2530004864324917,-0.2115681206727289,1
0.20838618011267318,-0.10381367698910388,0
0.08196226256817779,0.14252775808111773,0
-0.1807051380711668,0.3714727233462386,0
-0.29706659784385553,-0.16616436493985792,0
0.03418235353140908,-0.08577898467484318,1
0.06058774721257887,-0.29851391639587477,1
-0.11252128324729987,0.17681696240952083,0
-0.2155143686863694,-0.25784403490018815,0
0.24736191044585043,0.09787694354245424,1
0.2566869327011867,-0.03841331705852147,1
-0.03537136788300671,-0.2965623628951846,0
-0.19201371612365847,0.1850113758662898,0
-0.27801775989028876,0.33990944491011665,0
0.3439197260836734,-0.09940491933254869,1
-0.010355802478499987,-0.11530943685028866,0
-0.027492067285932453,0.2008139224244665,1
-0.2567869233092563,0.3396896758191149,0
0.27626173831925294,-0.19749704708323235,1
0.1161610024718639,0.11112198830689302,1
0.06109757240248842,-0.29183487271862574,1
-0.28259863269679575,-0.22362963164167093,1
-0.27845508803578856,0.01191409555792633,1
0.22864583624339674,0.07514722282867181,1
0.00974127994744356,0.18880380345418835,0
-0.03592908512856324,0.14106980255698665,0
0.02321211189582384,-0.05468912083616689,0
0.22779010182578685,0.34085052892112155,1
0.008384920339635504,-0.3036544136609696,0
0.04284231497445751,-0.2531857407597936,1
0.10052298498749218,0.06989747691914322,0
-0.2446168614661537,-0.21095950521680384,0
0.315604488047583,-0.3281574963552234,1
0.1908662259978664,-0.3303532450127034,1
0.2476332811537395,-0.20544621768986665,0
-0.20533121299761792,0.29977016617568786,0
0.28850762451115786,0.22579285107269242,0
0.33711600058004376,-0.27915366183910423,1
-0.1989860694142132,0.1698133758409891,1
-0.32505935256420593,0.35054916385077073,0
0.13236294586215824,-0.09143746444194073,1
-0.018116799815585893,0.13542943423216447,1
-0.04240389827429203,0.2777397201419667,0
0.028208275030407404,-0.3853042361552085,1
0.101039375758533,0.39653645288253525,1
-0.10182158803681776,-0.1329270148570258,1
-0.22291965311708012,-0.34406116193719366,1
-0.05001282320857825,-0.18718440820580284,1
-0.15144111242540217,-0.13902054628481436,0
-0.09086621517716365,0.25085006645552466,0
0.029297277916166764,-0.3185458696841714,0
0.013999976268491976,0.21024941783482254,0
-0.19960369015898305,0.38049013481771965,1
0.03042774805753501,0.21304308962905605,1
-0.2797352873313068,-0.003206906484679972,1
-0.2850138549058872,-0.03995930937599568,0
0.3326367784685009,0.27695252653962854,0
-0.14506950207721828,-0.3527712383127902,0
-0.2878684612897009,-0.22204617768121723,0
-0.26613021402008324,0.37234501594106595,1
-0.1185018798038322,-0.06441493543349874,0
0.0400547198359249,-0.18248715328754878,0
-0.3070188488665057,-0.14685437480733193,0
0.34981196829954475,-0.1839809931525337,1
-0.16836195337245002,-0.3727261214055294,0
0.22602018473866148,-0.018724838122674392,1
0.05741344959119493,-0.2347784782694273,0
-0.2626893350112449,0.05141576062703812,0
0.1688834094910605,-0.20540320841701032,1
-0.015189552718871846,0.3035269820529056,0
0.16867442540773647,-0.057204923602045266,1
0.18071181460596197,0.09741297507932928,1
0.11492121590083526,0.2538803090736329,1
0.34530767234008364,0.35023618397707534,1
0.1478082942050109,-0.2766449513461637,1
-0.21657077405868083,0.05622101797495549,0
0.0014008832674962668,0.13957553021112146,0
-0.025880684207543914,0.15382881313623564,0
-0.22208267469406903,0.3727895728545785,0
-0.04168429002826307,-0.06594044557973716,1
0.3136697914285589,0.2597770971521004,0
0.04576755844564562,-0.2626862108493735,0
0.20215286226044382,-0.30979589568006544,0
0.1577443911041848,0.23731103159588718,1
0.26355368125101064,-0.373968967375941,0
0.189451304866862,-0.35103105426575587,1
-0.08926001721954635,-0.2018215907493658,0
0.2565479116064703,-0.27031199527113847,0
-0.345927239491388,-0.1774167880627097,0
-0.10618554734403599,-0.08085576992723614,0
0.28190219916392056,0.1841050221685252,1
-0.19059053668779222,0.19555155258959878,0
-0.32088231241952714,-0.12275615480101598,0
-0.0176014058583579,-0.19623934703848997,1
0.22033070795790288,-0.1571290965855738,1
-0.2991848914649774,-0.021211503043289004,0
-0.1328809855026167,0.34774659008626896,0
0.15542095281644852,0.3777646609180805,1
-0.28210463161745963,-0.3904264986713778,0
-0.3256811486261755,-0.22207879857395643,0
0.3365743135403203,-0.37906649370833334,1
0.10742533514920771,-0.3571263498935907,1
-0.0036184169831603996,-0.3443034683977298,1
0.20059188571397824,-0.024213521599937504,0
-0.2014421150834159,-0.04608081646768969,0
0.14403288899420558,0.17773084443187503,0
0.21610560612182794,-0.3631835227734441,1
0.08404265179671006,0.27685922938997454,0
-0.1814639498163589,-0.18022444504816315,0
0.0703715883595159,-0.253622614489612,1
-0.08107713261413363,0.27179815517684747,1
0.014721696112636684,0.1448438786876598,1
-0.2411311146895348,0.2489332614254648,0
-0.07229119747679341,-0.259097601836172,1
-0.18093765386749894,0.01768426834266268,1
-0.16738182657074194,0.35276157263111896,0
0.16568653602991135,0.15290526558357997,0
0.16038098598257788,-0.08036523420757974,1
-0.24471643950186556,0.06864560100345385,0
-0.23894468708838082,0.3730421728864456,1
-0.0625624657691371,0.06070035328025564,0
-0.19030306746397035,-0.057620842851495546,0
-0.013608446867694746,0.18753792810727732,1
0.3072261793579325,-0.07295352050159787,1
0.24276319757987186,0.008611430616950966,0
-0.332522948648994,0.3018355654737006,0
0.22723923111209376,0.0006181133433339481,1
-0.08236977460765504,-0.37627977911679766,0
0.04331113869854797,0.07623291264095122,1
0.3462624035738818,-0.1835952448284739,1
-0.16817065088537456,0.3497933587050709,0
0.2095168894314935,-0.22976584918150086,0
-0.08734461461529613,-0.07970488342029175,1
-0.19494135118049394,-0.10571701388002824,0
0.18689704089118175,0.002270868079114585,1
-0.10655840401189812,0.11445495148037765,1
-0.1021075209242013,-0.37905173954143767,1
0.33634395221724456,0.10026674284489423,1
0.013475290080832258,-0.36518429693460297,1
0.19723554722252157,-0.2841796727111672,1
0.34301539537293435,-0.10344320444123473,1
-0.292142210001615,0.35748825070198165,0
-0.008557076002449593,0.35024137490352936,1
-0.31093807913707383,0.12532422858014214,0
0.013516384860229658,0.1032224241486388,0
0.14343688365847185,0.30454685587286956,1
0.1731670477292614,-0.06311350787108783,0
-0.1330236729863926,-0.16920851535561862,0
-0.32585397313302616,0.31598781159250544,0
0.11633913044158062,0.24058455183469962,1
0.302676722973491,-0.2594409093752039,1
0.1161921173954158,-0.2555846042253215,1
0.24334945100962513,-0.21873879579906053,1
-0.011940124063317903,0.3196006858722418,0
0.2892323301301596,0.3443433126676084,1
-0.17021824192505666,-0.0016044512972175906,0
0.33617111476330463,-0.3370905881058036,1
0.21198991439143544,0.28652915296689907,0
-0.022466412931444857,-0.26342251816262047,1
-0.3484291253821161,0.08203104548962825,0
0.13195596454582936,-0.3007144042123949,0
-0.12954983087844535,0.01692754168680849,0
-0.03254426098038843,-0.23225372781252612,1
0.05167817186712592,0.07255970076227891,1
-0.08463576944715723,0.12244003579398544,0
-0.2261196942294781,0.055878723735340585,1
0.1982900752626663,-0.20874219704583022,1
-0.10275698395403896,0.2972725244404887,0
-0.25167582449276904,-0.35596216419910454,0
0.12771680311790284,-0.3956297823488555,1
0.17979938533765383,-0.1889897758994657,1
-0.15194691466626953,0.11774113015223775,1
0.293016061854076,0.2851294714547906,1
-0.18922764044195914,-0.3073791648365096,1
0.1110278678064554,-0.07958072225431828,0
0.028378624291404475,-0.37408237077657547,1
-0.3094855479718299,0.39281553265344904,0
-0.05287691301264014,0.35706141118826507,0
0.29190240449965743,-0.07390383792024513,1
0.31868133862216597,0.22048221989169825,1
0.33817458759376795,-0.3997528533008204,1
0.05234985741440262,-0.13991591823089433,1
0.25434427899534995,-0.2951672614399692,1
0.07622538437829213,-0.38484480979816854,0
-0.17234285120155285,0.17475762873582945,0
-0.2062343979742675,0.007448590012320455,0
-0.21185313650714116,0.25915151372058653,1
-0.30236814303146753,0.1286760681167326,0
-0.2844671547562369,0.1475473285315837,0
-0.06757677969409259,-0.07742744797473433,1
-0.3365628110560901,-0.0858272059941414,0
0.00417708545921508,0.052007869010471885,1
0.060547473138517105,-0.2632740582293206,1
0.13372492969787975,-0.25746063903612415,1
-0.15177461694034552,0.08806411072048437,0
0.23524582573043895,0.3941813180400523,0
0.27287834807736844,0.271867928297694,1
0.27824251167888714,-0.2384723439446506,1
0.21063788124129657,0.027012752396706863,1
0.325753750616229,0.0368412538985427,1
0.07718844187056478,-0.34918266130516734,1
-0.08504696132494743,-0.13092207611237516,0
0.3070286961961277,-0.3179931758784633,1
0.09638475100092847,-0.28666863808397713,1
0.3167087747550362,0.1890089846193861,1
0.29088910634552456,-0.3828783855328631,1
-0.05340109803705834,-0.3414689090844025,1
-0.0778638978361153,-0.05844452537526096,1
0.09064486936541599,0.36292242458239254,0
0.11877255391112035,0.0763122058448949,1
-0.09425800040067855,0.24458216246529252,0
-0.26749340228424495,-0.16727212400415264,0
0.2687468200882771,0.1313750089622342,0
-0.11703363907601275,0.24929864742076335,0
0.1934141501439971,0.0484838742897275,1
0.24059681098617058,0.357774241488525,1
0.2943958774078993,0.18504516313880937,1
0.3460542489880726,-0.37822864245546983,1
-0.33337891555798255,-0.10991689945513539,0
-0.290527146382163,0.03049550952068536,1
0.2372699545138357,-0.32874138888444693,1
0.27325757098197,0.08347941666612152,0
-0.11242586258557097,-0.37337459026044784,0
0.2162580840666789,-0.28749968721635216,1
-0.223368437989932,0.2351151899372107,0
0.17935605185861392,0.2939552582828674,1
-0.10574081906219543,-0.28894117148881815,1
-0.11734367119218261,0.11562450257804557,1
0.34590428259456196,-0.09666387718247338,1
-0.03458408463426177,-0.007079473398956371,1
0.08226042876925188,0.28389317538036174,1
0.15748885437167404,-0.16597298235536506,1
0.07547643738265242,0.02481967892586373,0
0.22598819852441354,-0.33166865168836906,1
-0.01349993929811838,-0.2916664910107278,0
0.24336880261303961,0.24986560601458663,1
-0.24603745216463369,0.24088380518420272,0
0.07988075017729124,-0.025416726202200923,1
0.3060286818897715,-0.33615388253649414,1
0.2332816497915451,0.3682386362681861,1
0.33133800783569256,0.068407205825045,1
-0.1432499202149043,0.09332092521552016,0
-0.11963822667800192,0.17082449945776457,1
-0.0703808882492516,-0.18516062901423747,1
0.08835908532047282,-0.030616266119730284,0
-0.1780005024345971,0.02084289223953395,0
0.32158215131997814,0.3695690237479762,0
-0.05268055821717188,-0.17650869609391107,1
-0.13317553184424621,0.12620729643142792,0
-0.035434825741798626,0.08200922505481889,0
0.031623813641382004,0.3801032028209209,1
-0.3087124919118822,0.27327645237985854,0
-0.24569787886727357,0.09741037184045798,0
-0.3432260847932274,-0.06393359630184586,0
0.13280012021037169,0.08432602192639616,0
0.036883101074612124,0.12744945670882424,0
0.23373655818452366,-0.12207754927750009,0
0.12243584808236208,0.35073519245554263,1
-0.1837697710067841,-0.10305622807254017,0
0.34943632712828177,0.2871432877948298,1
0.1249683931581656,0.215620421441022,1
0.206008703082027,0.24164590088727367,1
-0.031297587201914834,-0.38730018911431635,1
-0.22188166960320052,0.03883600627293271,0
-0.29038602702239646,0.041098856984509324,0
0.22142401138352774,0.3311316957480058,1
0.13944214931033344,0.08844849111681896,1
0.07148464914877256,0.16990222582310743,0
-0.08913376326750794,0.1430325916996651,1
0.2343033587523764,0.0021852912239112565,1
0.004855379020787032,0.34341941992464753,1
0.07881737896953156,-0.22843342417618484,1
-0.146735714929787,0.26412243426955795,1
0.16939555583508248,-0.19722120181384578,1
0.15378657665647066,0.37890510492053264,0
0.34948568648908873,0.06496437478181577,1
0.19625970977534324,-0.26950359743451036,1
-0.03772132194945976,-0.08921569830170017,0
-0.04973475650065379,0.24716538295918844,1
-0.31159484987468145,0.3561942665142608,0
0.303982009854287,0.0914178610906271,1
0.2822467046324184,-0.06506805308767183,1
-0.22358259476786913,-0.07393238163266924,1
-0.34731775855801805,-0.27269061298456504,1
0.14160555407980963,0.06186196678936795,1
-0.22339653208297108,0.0009742120859400627,0
-0.028506350201068065,-0.3678380362721851,1
0.21199558567701693,0.04841951335741257,1
-0.11737911910887955,-0.276205693772845,1
0.2794138404143237,-0.16141256526493325,1
0.29714901494599466,0.12134754725622376,0
0.29780049013513255,0.31368999785843765,1
-0.19402024176727078,0.23396854827801972,1
0.11300689132402841,-0.3299461058494526,1
-0.17766937579412603,0.013289261758528514,0
0.10243137195422614,0.10209844273111557,1
0.31922978253120105,0.36044445831399796,1
0.0597852073912038,-0.2850750158649993,1
0.22618506968247987,-0.21363423291044753,1
0.21281318505368108,-0.019407372204742868,1
-0.10813058301319811,-0.056010964531788776,0
-0.09115143930309638,-0.1691122148933875,1
0.24019632564353666,-0.2049914708923394,0
0.17058161039644337,-0.014688927286610032,1
-0.11814425524325053,-0.19652841522119716,0
-0.10358719582783077,-0.10537822434383631,0
0.049343614965167315,0.0226793086256335,0
-0.26018388581154595,-0.07906545076952975,0
0.029678335326589977,-0.20439128687533847,1
-0.2715675732266071,-0.22895938622413603,0
0.17749609370923414,-0.17788241558379997,0
-0.1750378285520068,-0.1363825517021992,1
-0.04937374735637784,-0.1121701607228251,0
-0.05259639131317145,-0.12364414599385454,1
-0.2888228160131645,0.1595717855470684,0
-0.02578411685925419,0.28463985839765504,1
0.13642819438095827,-0.06663203383547894,1
0.2992302289824369,0.2204926866109248,0
0.11490101205904585,-0.37553473316263236,0
0.2863745744723265,-0.22258312484955012,1
0.04961584724780227,0.2903481323782663,0
0.3006918905264069,0.2718509997753372,1
-0.30558114072182835,0.21988935533295728,0
0.14841853010899825,0.36457762221858137,1
-0.1706682528619517,-0.17222325962946777,0
-0.2848500510391557,-0.14752194499617222,0
-0.2002609837789012,0.3507905869136393,0
0.3254564122244672,0.10569472485206277,1
-0.10875936961712623,-0.08962485113640223,1
0.3423351089784843,-0.08744680853980719,1
-0.07837145357205466,-0.3553019908183921,1
-0.32396248586341586,0.07029464203925795,0
-0.1831530859991778,0.08988296065140344,0
0.08634266978576793,-0.39978651574284774,0
0.2549817213029114,0.09640962920205132,1
-0.09359746027273186,0.12612243392385536,1
-0.2678923985614156,0.06714685060753078,1
0.3275841903617691,0.3173445683184343,1
-0.293901566666254,-0.3709673770778782,0
-0.1490287019832563,0.012127178646282932,1
-0.3334290856022804,0.15906119183277112,0
-0.2559222216615782,-0.1810042651675648,1
0.32288900725544323,-0.16099297097710397,0
-0.11277564719184677,-0.3166218422768262,1
0.2555904006536689,0.32126999237128107,1
-0.25439652906854293,-0.2320686117723077,0
0.09299329251633576,0.21159719287586332,1
-0.0038364378511360764,-0.36951237261190584,0
-0.23516078499142654,0.3838726876803412,1
-0.15420409862022266,0.13275744628323705,1
-0.22667538871682402,-0.29110813930366863,1
-0.00940188694841082,0.2883101557292801,0
-0.329437894970897,0.20669458504916105,1
-0.08378763550743379,0.04344766559726593,1
-0.3457973023932561,-0.24664465614072306,0
-0.22894820763612275,0.1330881738448093,0
0.14373773588232897,0.13253211497461315,0
0.29997535110947204,-0.2177602364552522,1
0.15433356998165793,-0.3248033542542661,1
-0.23098818532434479,-0.19002051149820787,0
0.29488020301865614,0.20693564825401178,1
-0.09291073023526486,0.12195897569353631,1
0.20581586694653964,0.3211192597307755,0
-0.32923945158495976,-0.1450381563728888,0
-0.2966900051312774,0.06405677114646846,0
0.24722321512005618,-0.21259060345584269,1
0.30427643269839055,0.2829153978746828,0
0.33134679897138863,0.3213846404488587,1
-0.10231107038498713,-0.3397161003933851,0
0.2310432684030571,-0.2620225981162694,1
-0.25428970107855675,0.33260102429687954,0
-0.3128140566785276,-0.29547236099442414,1
0.18793667858315855,-0.14062503938091037,1
0.08160138470663342,0.2325569144564038,1
-0.22534134648645804,-0.28324929943996724,0
-0.039451992167950034,0.14668708616719084,0
0.20175320028206822,0.09242525966087944,1
0.12251143983063623,-0.08322412307748434,1
-0.20249629085127394,-0.03751212648889923,0
-0.28516270397883015,-0.22746721036436668,0
0.030638445310586016,0.23105183715030686,0
0.265771495091613,-0.061318839033366324,1
-0.2130975403581183,-0.2557177966406934,0
0.25483411707694303,0.15872083838567308,1
-0.2824701102983274,-0.08853644393358262,0
-0.20786931533181113,-0.1555865252392822,0
-0.03826361817110624,-0.010668088491002536,0
0.3448996167007171,-0.3378580370682083,1
0.03351758631896662,0.08858711623717436,1
-0.2850127605501813,-0.12775709342885921,1
0.22267807419174168,0.28179790762919754,1
-0.1875835610753009,0.18938007746800656,0
0.17823952235365403,-0.2710171991333783,1
0.22197129979510355,-0.07007469932815907,1
-0.1135815131790435,-0.3652593237472497,0
0.28071978318717683,-0.23278371639346693,1
-0.26706998033259444,0.1856927324555715,0
0.2201714633144266,-0.11520437353911728,0
-0.027001146270078158,0.1881775450080001,1
0.24208661504429618,0.08116098680474931,0
-0.3079232558849794,0.00288701091970911,0
0.27179469711067483,-0.2947792321891678,1
-0.3437612950185597,0.13909229930383993,0
0.17726925957089945,0.049266489618513876,0
0.009695399298763896,0.30930015022150836,0
0.2735407634456132,-0.11544999168179348,1
0.2321664339599233,-0.09617110664212791,0
0.29778231982410686,0.028899848513155302,1
-0.18336586728956975,0.20302652956292988,1
0.2680611119597087,0.18216814107820878,1
0.34969201794443927,-0.15508821837565928,1
-0.23142514888352975,-0.09748354249515023,0
0.18762903639544526,-0.2012715476573086,1
0.329268834010934,-0.3601778599097655,1
-0.11915746984847717,0.39587680146441906,1
0.2179887956121812,0.24779060137611753,1
0.09051090987080379,-0.19659084776984398,0
-0.01936245474234738,0.1676675380082755,1
-0.3035428329537524,-0.1062905769920775,0
-0.31471040748440804,0.10697737842154575,0
0.21915622884874542,0.08875198515228455,0
0.21319895214326734,0.05255133626128866,1
0.3300463946972282,0.020130251142951194,1
0.06347530049084449,-0.18776678096970675,1
-0.28055759636625227,0.32209407278410374,0
-0.292287286708068,-0.09250203881567554,0
0.14132132700529015,0.012841318949956826,1
-0.1381429557205882,0.2271814134740756,0
-0.043833163523813445,-0.19696956319035908,1
0.1455516696188992,0.1288443334252568,1
-0.3155286210641364,-0.02909841557298265,0
0.18986613833798927,0.35483960983729856,0
-0.09985379867041899,-0.22240570210583563,1
0.16790708563200996,-0.1371951965814759,1
-0.0664596574404358,0.28858656528213655,0
0.1262757475523693,0.21963161896307792,0
0.29762464969392577,-0.22396694216080848,0
-0.12597108770525897,0.003431062093852355,0
-0.22691153077148016,0.04983589504734526,0
0.07148654108486835,-0.12018428482359583,0
0.21145168352538402,0.06390635477863943,1
-0.28924690832927935,-0.17257123301066724,1
0.20513768971902246,0.0382397805505863,1
-0.2200579933685992,-0.0318705829116106,0
0.12435093542879366,-0.3908388202889501,1
0.23348539228807808,-0.2338988986341084,1
-0.18963607985754843,-0.0452701785898692,1
0.11947049191059389,-0.04486151053761783,1
0.1827291002547654,0.11863114871790315,0
0.06413932898559122,0.053953475007836704,1
0.11908190120798468,0.08945380471752806,0
0.31729048888181666,-0.09265747175105943,1
-0.01514866298008738,-0.22048799573511682,0
0.3179109182519465,-0.011349730272715575,1
-0.2555432958740908,0.1408074859116918,0
0.12040333316914437,0.36384100662931873,0
0.14105972310603826,0.0048619295078230484,1
-0.1715932702276936,0.32117836220750495,0
0.1849677766857386,0.20333420594581775,0
0.2090449698898904,-0.2648257162231401,1
0.11017129400595865,-0.009516199569566175,1
-0.2674736518238737,0.20481421370414443,1
-0.1997095730513659,0.029585936096254428,1
-0.20619356600890487,0.023955311506477894,0
0.08656217224832663,-0.2958251430223249,1
0.07814387167768794,-0.1657572067075897,1
-0.34787457937588906,0.3033753266918412,0
0.047364540506972364,-0.3813739853109046,0
-0.093169941716011,-0.0009077040618347132,0
-0.2088936674227011,0.37751243868611917,0
-0.34662927979160496,0.32286955971702214,0
-0.004896703371392475,-0.06176412742634685,0
0.22967377337889539,0.28263849210833947,1
0.08072501869564053,0.024449675924134717,1
0.017678175095283244,0.3017156406988434,1
0.2634472829548833,0.0676140143700586,1
-0.14398828122628593,-0.28362699018585796,0
-0.3180028627318051,0.05134856363170909,0
-0.3299563671157325,0.3375072277620581,0
0.10428200259209691,0.2827534683862206,0
0.27801280624731217,0.0474178276200532,1
0.34234202863984486,0.24942212558503907,1
-0.321574495502546,0.08653550621204653,0
-0.000680796268298367,0.28259429872392794,0
-0.3481239982243581,-0.02037546620761521,0
-0.036993874595200205,-0.21221415101743785,1
0.08059254337474098,0.1796707262645758,0
0.0858249681910282,-0.25445699375155506,1
0.00016331436142374978,0.14387701180157142,0
-0.20668122197099192,0.2801398782584771,0
-0.30733541878259363,-0.3064507853720354,0
0.1782000087108162,-0.34223519440951267,1
-0.3061178860019177,0.22203882798531094,0
0.08271866447938286,-0.016081096038158715,1
0.25320861861668054,0.19795595141734013,1
-0.0723022128023249,0.20295539550014963,1
0.29609192895292813,0.3335116150751166,1
0.28756442128016024,0.3610511803617399,1
0.32751700078145574,-0.20358007957666946,1
0.009569920103568885,0.38584428944381954,0
0.15144405833841879,0.3506627056279996,0
-0.017023607379328065,0.34596060095115344,1
0.23981512510995184,0.19688015017306726,0
0.2854406625312821,-0.1526743759809225,1
-0.01830963203762931,0.13905977026654592,0
-0.2447789713785009,-0.35859982873434365,0
0.28960845305131744,0.328042158140212,1
0.13871469242847884,0.3239272472779474,1
0.06146453238097793,-0.22664721814650354,1
-0.2910381436398135,-0.13448572476375364,0
-0.05514989412371474,-0.3616471210927847,1
-0.25326205261833434,-0.1252331062208314,1
-0.0462374922328016,-0.1016062875378611,1
0.12924281883773248,-0.17225381051075442,1
0.29717842861599375,0.398026937932323,1
-0.27289810000380954,-0.1453327752628612,1
-0.2585293929211974,-0.34419323501049315,0
0.13463574814331603,-0.1698239825763288,0
0.03194128993721812,-0.20614783026406905,0
0.18777994322978298,0.3905962095468495,1
-0.14702496900486842,-0.08769341333405067,1
-0.2420315477500991,0.28682939109787264,0
0.1278903429479497,-0.025737475014491307,1
0.0316233761772623,-0.15809972480709933,1
-0.08050819913527585,-0.37088185911334465,0
0.3242478593816819,-0.11292836722073923,1
0.26818882575903025,-0.22255495200369435,1
-0.019543233663675386,0.2797434422693986,0
-0.34499962004885504,0.0757873247634106,0
0.09661708717403145,-0.10899930865107627,1
-0.33491091614253476,-0.2341554316082582,0
0.08877369179237676,-0.1125732332209638,1
-0.0589164610327082,0.16511425837065175,0
0.2455047915883526,-0.29090934087658954,0
0.21956264154573546,0.1718046359744425,0
-0.30957030202470165,-0.014995647516625688,0
0.3443977336784644,0.159308091113591,1
0.03902614873458671,0.12059388251306236,0
-0.11404042014548657,0.3016822709324297,0
-0.027420004587401126,-0.03871781502485527,1
0.2972543220720604,0.38603026295299336,1
-0.27297203221490646,0.17288282612600703,0
-0.301558986774964,-0.126498067871185,1
-0.19129704305657286,0.040306843066163556,1
-0.2937134923034962,0.1648605534674652,1
-0.19345063047758385,0.23821383145416986,0
0.27360454401553813,0.09861633199940567,0
0.34023826857242234,0.36144477529248775,1
-0.11413354693402608,0.005009564900951502,1
0.3266821703900956,0.17076987085651907,1
0.016652429010767023,0.10752176401396174,0
-0.2638668279027237,-0.1157300783014707,0
0.27786362976714263,-0.0710056061219782,0
0.28539936293020196,-0.14090914623882195,1
-0.23036375349029195,-0.3758798104979486,1
-0.07892841448925808,-0.026861620472585668,1
-0.15508131804230427,-0.1792298900981721,1
-0.24946399493732813,-0.1889472430449188,1
0.15951991905286256,0.36433251389587873,1
0.2900259393065111,0.026255503255972257,1
-0.22311173103165177,0.050062888878731115,0
0.3189849936033382,-0.26938955119626595,0
0.3377546780423213,-0.02040605869032247,1
-0.33104715163633824,0.15586037210292403,0
0.1448072551304752,0.2798130620059138,1
0.23389101034033855,-0.07835206857618271,1
0.06789818940983527,-0.14382871922413493,0
-0.1372874981479677,-0.08644047363365892,0
-0.1002047538878928,0.12427943741457015,1
0.2862445557596105,0.2777734608385434,1
0.12336933570125724,-0.381485520504506,1
-0.14353121523675552,-0.02194999193796371,0
0.337270758315352,0.33154805022115286,0
0.016061951485462356,-0.348933124315292,1
-0.22776918455542705,0.23727472914507464,1
-0.020727684295543947,0.12342917274042808,1
0.2768485369111421,0.09001503277256973,1
0.18900950322780108,-0.11689941645503144,1
-0.015003668028636397,-0.21703070489158727,1
-0.24396233556374516,0.3125788954323332,1
-0.17608150872251824,0.03492259719102042,0
-0.06699516131932937,0.3652778294129092,0
0.25588866546171196,0.1495226354112389,1
-0.2372015120033851,0.1770532332141369,0
-0.2818332795198559,-0.33206951600251716,0
0.17101844907831942,0.13275115640221435,1
0.014950165233820645,0.22913626838292334,0
0.11491106658488903,-0.29578431422974943,1
0.04552164098801248,-0.0931352449678412,1
-0.020443202233154267,0.0019859955375400307,0
-0.083255618267631,0.046860720360783925,1
-0.09450070237997271,-0.24557438618554556,0
-0.048578132120601414,-0.171180664685728,0
-0.06953023978870226,0.10309010256354856,0
-0.026155050751715814,-0.08798963552292527,1
0.24457303036737765,-0.10578983499067202,0
0.026428339326935057,0.2408530252117157,0
0.18917380055962918,-0.1344278115308561,1
-0.20284939795549065,0.05144998901717085,0
-0.29387159488512826,0.0069273588865121916,0
-0.30289216286377796,0.09970182340373501,0
0.3096251289740799,-0.18367506014665713,0
0.2499961835731267,-0.20131173303446373,1
0.33534518225589516,-0.15743757418080345,1
-0.06695713540135717,-0.3939937665490232,1
-0.08813461774664288,0.3100710441333244,0
-0.25768064589061856,0.0994980849698151,0
0.05721415735783825,0.3275561322273953,0
0.22195037525964234,0.12321172244247725,1
0.24060602981501367,-0.2189065121109727,1
-0.06562782339301182,-0.18469371595675668,1
-0.1561729555331434,-0.2695203231802936,1
-0.24113735949265297,0.2257591053341894,0
-0.23985474250507033,-0.3850914610251837,0
-0.2999260919004721,0.0955512927702925,0
-0.3228408734092211,0.07104390876762184,0
0.005296260541794384,-0.10634354873923785,0
-0.007653385452687234,0.17374137443632054,1
0.3149485734650024,-0.36453766268865445,1
0.33709893719963047,-0.22945494803973354,1
0.2575628721390818,0.1456849765436885,1
-0.20698112853481712,0.14684584886846697,0
0.198579278759499,-0.12431499885760194,1
-0.050756554933431675,-0.1091224655896399,0
0.06995684552398979,-0.3144883059532639,1
0.22964862832655408,-0.2142533128305787,1
-0.3384043271213261,0.25208845404575997,0
0.014085124780089775,0.16246518787617636,1
-0.19743826238493817,0.20434803649547184,1
-0.11623061094118695,0.1867509037361743,0
0.02725534637603616,-0.2972390639382445,1
-0.03987036992843779,-0.17831515166600545,1
-0.2986433760067487,0.37138234716533236,0
-0.33521675712108573,0.3947181982806419,0
0.14584765611234324,0.1443398304078024,0
0.24331249357117846,-0.3869945711577672,1
-0.09967346617442496,0.1561799290388146,1
-0.1665226388051425,0.19563120611089535,0
0.06262238475193188,-0.3630091257847923,1
-0.13112004012243209,0.21343481829626842,0
0.34290675086092515,0.029876801350275817,1
-0.27076112756960585,-0.281491390794399,1
0.16326343341294935,0.06403706244476426,0
0.12350320392670633,-0.054161673083127304,1
-0.16290806746704645,0.13343558086179874,1
0.2572124703191754,0.3406819633584841,1
-0.0521050212386055,-0.04778517873349192,0
-0.3220766857916172,-0.12382244222794575,0
0.23504561143140745,-0.06643752022063659,0
-0.09501131138097696,0.1970411928552407,0
0.2561310039762189,0.35596540123166054,1
0.3048348318734868,0.27693747336372065,1
0.0977650032185291,0.2568419608082486,1
0.26282815884885535,0.10962436492717564,1
-0.2507195767021773,0.23586007581423118,1
0.09333022483212661,-0.14857973885975934,0
-0.17525875694190973,-0.2705326941053754,0
0.0400901481877613,-0.393115563351607,1
-0.16740640051559313,-0.31866656325537557,1
-0.1927752520477557,-0.35268783844173285,0
0.04977998611595369,-0.19437789041286432,1
-0.06765115899636986,0.2361638987588044,0
-0.23248497591654865,-0.28120264119996846,0
-0.11533550211108284,-0.21266617146089858,1
0.06676572891061588,-0.11386941807491952,0
-0.027755597113790276,-0.3971395630807895,0
-0.0160849695218101,-0.3821875356950196,1
-0.06819366567995311,-0.38648394500129896,1
-0.11365508986379885,-0.013120951593177554,1
0.19907057607461887,0.30976154586364457,1
0.13690901581576476,0.05108324207536513,1
-0.18897260287189127,0.38279649215074396,1
-0.03770598471845277,-0.04127633569542749,1
0.3134918671225917,-0.16534701230371118,0
-0.086081319769513,-0.29508332028165657,1
0.0320806781688156,0.1133392502604923,1
0.03667194592466383,-0.12886061614514477,0
0.17751392789211617,0.07624560092294813,0
0.2502255307824509,-0.31488263175572895,0
-0.3333806661567137,-0.3675310006676429,0
0.04148985532746008,0.2429081797829391,0
-0.27778524189356724,-0.2639353260702058,0
0.16266550315714312,-0.1519675029152852,1
-0.2566718946552595,0.19284113857399887,0
0.12960894568440673,0.34414804051799863,1
-0.2661669119556508,-0.23555296180161892,0
-0.058163938239668866,-0.12490174207164734,1
-0.029515455474091734,0.2431924630944463,1
-0.0015453271109482913,-0.03811538241339851,1
0.33231677519941016,0.3885897577900227,1
-0.16252948372361692,-0.009554861575273577,0
0.15978144508525038,0.03098124335723257,1
0.07946231951465782,-0.1157471808617162,1
0.17875812272818248,0.12067423857961057,0
-0.21258263265273183,0.20665586869434394,0
-0.18595695980909765,0.03829268730207708,1
0.14151315424925676,0.023144227672087125,0
0.14062382689708647,-0.02742963080900712,1
0.17254034295710075,-0.05994167306470288,0
0.2626987759380346,0.28078534103322805,0
-0.27054935531534674,0.025824053945424197,0
0.33748528591250415,0.3358936468338344,1
0.1469975927433383,0.06116184402764002,0
0.03381799279527814,-0.06055830354837399,1
0.20872072858217716,-0.10132687064563417,0
0.06959755367643927,0.008024352564542425,1
-0.28237512515519186,0.24857111680302302,0
0.25325300156936437,0.20721418711237205,0
0.3206654681105815,-0.3935849914687256,0
0.2826528204391723,-0.2464811750544761,1
0.24041470036124346,-0.13310578614927887,1
0.13727678144273847,-0.2397571532921056,1
0.09596748212494693,0.05751998755025367,0
-0.04094905197105647,0.2446128429606873,0
-0.037554294269311894,0.1354037313531864,0
-0.14678202403501056,-0.31419025559191854,0
0.052329899208437,-0.07876307870256954,0
0.33399079753498084,-0.1552549185419032,1
0.27182723792529706,-0.1417250876998199,1
-0.11014842061426611,0.021310058875118276,0
-0.20386084733615642,0.18912123439393103,0
0.08485859824013542,-0.09458948466202333,1
-0.3450034543186444,-0.2381808411033317,0
0.29980063992706596,0.12332517582635438,1
-0.2103460716474172,0.04659013525553635,1
-0.16833703409981507,-0.27142065333045845,1
-0.13683585593474085,0.12861919503752728,0
-0.3292905016895321,0.09661069776527575,0
0.02054529243873049,-0.21808608579087593,1
-0.08116629085411525,0.08399577523315804,0
-0.1145568967510403,0.26929815868130935,0
0.1720584292145022,0.014703907613567935,1
-0.16137369124482465,0.013733425605816474,0
-0.21897492874779767,0.31310499945147663,1
0.09832014419688012,-0.024327046738383706,0
0.10202505246642585,-0.19001313910712136,1
0.07409103680912366,0.2237332025212575,0
-0.3077502682533217,-0.36709859726880095,0
0.19489620085665404,0.20395886680264064,0
-0.033258301434012705,0.2019366258294859,1
-0.10920025003417774,0.07477451986148942,0
-0.08205090829485284,0.222482089234595,0
-0.19824589284291355,0.3511177330480172,0
-0.32382360532017657,-0.2868284464935877,0
-0.273858884978049,-0.2633019122936185,0
-0.11503268234849734,0.020064882720146726,1
-0.13883251006606795,-0.12180934563456253,0
0.33480388148121776,-0.29522889596746804,1
-0.32558397971335085,0.19126777033877562,0
-0.1065875062421607,-0.21769741841244938,0
0.26344779598325074,0.2630812263574537,1
0.3286469117531625,0.004156304423751478,1
0.11479791782468901,-0.33489680135688976,0
-0.08363046743295566,-0.34133474712334844,0
-0.30611639639846744,-0.03501263687340367,0
0.2578003646497954,-0.009147616634958222,1
-0.34324610541229705,0.33116360115238297,0
0.07721441184427624,-0.3960068295706536,0
0.04138047556428631,-0.26546170225935806,1
0.3036900697068049,-0.34655002606961705,0
-0.15961037821795376,-0.24507875367542892,1
0.11734147335684075,0.2511522960954852,1
-0.23970200517108584,0.3749872573917499,1
-0.3466086798530647,-0.37675381389288365,0
-0.092402969421372,0.02163376387261451,0
0.06779556830230876,0.2632150295823176,1
0.1979551704899759,-0.19047303245162173,1
0.2614993338839158,-0.03216805319975852,1
-0.19488637375790674,0.3921252385857943,0
0.31084546177033334,0.23088164736041616,1
0.019133585790104823,-0.310116785513828,1
0.137065809839225,0.14768270516767867,1
-0.2895731052016317,0.08648739697809732,0
-0.17780620186369217,-0.3291788467246291,0
0.06412388767357174,0.2649487569546233,1
0.25809327405687577,0.27586669525060037,0
0.3178422167934237,-0.12615238877619117,1
0.005847218263981879,-0.1123684032781081,0
-0.3325628832713508,0.27070377791849864,1
-0.12909759597348233,-0.22721784969220205,1
-0.24825366469203936,-0.26774229312350817,1
-0.24848330818974645,0.3951143994108369,0
0.06146158787722722,-0.24985608064254256,0
0.3100467486553161,0.10387764723926873,1
0.21330566875849233,0.19119045105699728,1
-0.22279065270569887,-0.1851698150457077,1
0.02883842271225867,-0.09942589583986283,1
0.27762764314665345,0.14625640389732875,1
-0.004922215024403043,0.20342043708666135,1
-0.16011945696592636,-0.15040108767490282,0
-0.03454555138462556,-0.11501054305943897,1
-0.02498458518442015,-0.3148669100581349,0
0.31350337178664633,-0.25539808837522476,1
0.11816583632664779,0.35313424419151684,0
0.2663867399385129,-0.34241736089270935,0
-0.15447916509543685,-0.22972429940483963,0
-0.12950911318297473,0.3367986379348248,0
0.21570166151410541,0.32786172492666377,1
-0.1710572789601314,-0.3518984279394691,1
0.17242983886209762,0.03844830911138353,0
0.20955630303589212,0.37751490713086866,0
-0.2174083728477175,0.021666746751931032,0
0.22940756432991205,0.3284960501218699,0
0.3491696782577649,0.16065807260084153,1
0.26529026247188636,-0.055809327198696856,1
-0.23847151520523951,0.3269113870697191,0
0.01597955586562222,-0.15528347533432696,0
-0.2792000369541626,0.04522575751227659,1
0.1428089616818945,-0.009884488850165685,0
-0.19528498854566553,0.17067826731982272,0
-0.08648093493806025,-0.31634385084090955,1
0.05387470164996039,0.3516410008955454,1
0.2962131309259224,0.22396501626253906,1
-0.2345274819242989,0.19210983638893853,1
0.31672378848010885,0.20928526197861252,1
0.13537137292700874,-0.3704635670325438,1
-0.22139282710708572,0.10898158308262407,0
0.29365295891299226,0.08657310295120829,1
-0.22612543658737133,-0.18546211284461586,1
0.19501330889981694,0.058638920451606236,1
-0.1333757985647917,0.20708356890865154,1
-0.09245413140913777,0.23799304236197583,0
0.2285851041611815,-0.11991027417333344,1
-0.2780056665499495,0.32465962331528553,1
-0.04172844742482035,0.11973539990406645,0
-0.2121107229446661,-0.3815343728935142,1
0.2743314939786594,0.111207424813347,1
0.21508459512983047,0.3493425027569804,0
0.08713614055017221,0.003840770159009743,1
0.16680328342467243,0.04894304019682394,1
0.12309224091214821,-0.2830553355969378,0
-0.24590636631414392,-0.017839320104373335,0
-0.2990968256464308,0.1939559173510118,0
-0.28026883748537773,0.17949858389891915,0
-0.2567322908335063,-0.16495618836993026,0
0.27073999820082484,0.21942586107074435,1
0.13769292382297166,-0.2959800414088726,1
0.18927413867589227,0.2550287451137453,0
-0.06982247756407534,0.37803630824447043,0
0.0698736522047052,0.13385981680635672,0
0.32377394284758576,-0.021259115725940414,1
0.15461358748175946,-0.30592674988999324,1
-0.2824898854858654,-0.30356639642435557,0
0.12877302875219604,-0.3343689297990282,1
0.010639253226561562,-0.21951874310013952,1
0.34494519447308203,-0.3236126101121169,1
0.17510769111354219,0.12779910528369087,1
-0.2927198629933698,0.23615131666791278,1
0.16525042307083593,0.05968028220026039,1
-0.015670606603468973,0.23304344250809228,0
0.2005185751625983,-0.25237972331535674,1
-0.13917349382592079,-0.15576289402649107,1
-0.03437835772262199,-0.06615870667630219,1
0.28444875580771156,-0.39461578054413826,1
-0.13402369124852354,0.28423366292145524,0
-0.1733942390725685,-0.1736946794326169,1
-0.27455915657554114,-0.1046473329069455,1
-0.2072010252918608,0.08835077107824452,1
0.09664389228870429,0.12521693049919524,1
0.055810808505594556,0.16978145765053176,0
-0.058374727399032156,0.004204796421071577,1
-0.04464557163285743,-0.12955736493415787,0
0.24252922108572939,-0.1421126069657463,1
-0.1406171043424167,-0.019800576502588374,0
-0.04333602937693759,0.28774415417799426,1
-0.34600516795738895,-0.1262395152510189,0
0.012355359522498888,0.29745452868764266,0
0.17543078205452067,-0.13821801389675487,1
0.14167222616321856,-0.14797902565223958,0
-0.06825515590235504,0.08795974833869646,1
-0.19860124143339655,-0.34091140474693526,0
-0.3435443138431824,-0.09952219813961571,0
0.19989896946989993,-0.36215732318627103,1
0.28463541757433586,-0.34959888167015496,1
-0.13554477569459483,0.04879172674298182,0
0.17014589590585083,0.21342461644480226,1
0.13846121259483324,-0.2949783130136263,1
0.21763561819891375,-0.1302735521610039,1
-0.09663593327054015,0.13763859449948557,0
-0.1629123264185692,0.2489748633386556,0
-0.33712277715659555,-0.21635926042612505,0
-0.15347328700556975,-0.3404287647993289,0
-0.026158137230434364,-0.09048365395363389,0
0.216807107897666,-0.021514010032446407,1
0.009740261269351735,0.3067620561293771,1
-0.08512031816377369,-0.2185011774235661,1
0.0983090923417082,0.3074816110738421,0
-0.30767724826323384,-0.002982213650117249,0
-0.3397175772502191,-0.2806951489640572,0
-0.08598945104890754,-0.23818399940147358,0
0.024573621876537832,-0.3386309918219337,0
0.19488425711535007,-0.1241624811734095,1
0.08254660181571527,0.1879591147668177,0
-0.16735633159042895,0.17264993893776637,0
0.04908491282168442,0.046349462918200135,0
0.3226748269393914,-0.02974726488871926,1
-0.10612342631001653,0.2739703388940551,0
-0.007799892177314194,0.21287625325647885,1
0.05569252760632448,-0.3286105094086395,0
0.01661209822808546,0.32333859006770893,0
0.07360880153865712,-0.12494516676153494,1
0.24254780648172525,-0.37447131055844,1
0.24630430434293538,0.11401554824272275,1
0.3468180402961275,0.260629922653309,1
0.33169887343005955,0.07950181253528815,0
0.0899292507309552,0.37680784756430363,0
-0.1926329081049324,0.09539794458607354,1
0.12952526934208258,-0.36953927127536546,1
-0.06495063080897462,-0.12081520717062821,1
-0.266520579067346,0.06176586933764605,0
0.02554603971903696,0.35959051937000586,0
-0.11528142711879469,0.2780073014567507,0
-0.33573038290815355,-0.04559785605591343,0
0.21233769551660941,-0.3644336923488405,1
0.20108756307900721,-0.14466178543363029,1
-0.23782138815408443,0.1971770175425721,1
-0.2526036477312167,0.10524283529250078,0
0.17140246144540738,-0.09074133547184299,1
0.27629737650757813,0.1939925508979402,1
0.09997397775339933,0.28404696595721246,0
-0.03278482282568007,0.2982917215580806,1
0.10338460532394816,-0.07818548774448147,1
-0.08475550296635742,-0.2106168452969353,1
-0.26148378731248345,0.09815721159133445,0
-0.015914414802532362,-0.23006799752320647,0
-0.1693321385948982,-0.021296962047372414,1
-0.20140936494673628,-0.194538395565756,0
0.1599991931551007,-0.22031587128311375,1
-0.1561664596201057,-0.11476839453898002,0
0.014383565703005474,0.04189091047468896,1
-0.32270000366647983,0.05158022271617091,0
-0.24078235619857194,-0.17590306941777145,0
0.28271148206200125,-0.014784312534185162,1
-0.15158619509830346,-0.2521378718253504,0
0.0441282733991743,0.2945999162641756,0
0.02792360455559939,-0.07730284010538185,1
-0.05537342762344316,0.05054183996899286,1
0.07999375333606384,0.3355811401295671,1
0.06508163912767967,0.308378887560533,0
0.29420637163520835,0.04512499612365373,1
0.2521285482168044,0.06428772659051746,1
-0.06817191914842724,0.3970859810870979,0
-0.2683978605765358,-0.12045556889525688,1
-0.20395865298668575,-0.21026885751277852,1
0.10581911781291253,-0.2691793554269727,0
0.3421503374714685,-0.13059528234687223,1
0.03137535607539926,0.013681008897160507,0
0.15672969895342503,0.3483944153427341,0
0.33394992492464837,-0.07478236046471415,1
0.1837275986330058,-0.2044776220666078,1
-0.3092411997066358,-0.29638120642398563,0
-0.16922631868204527,-0.1027135760389945,0
-0.0077608618991352185,0.2997952300851132,0
0.31208643773871225,0.15609186395558772,0
0.30641899206037426,0.24717354334859554,1
-0.11985252545477823,0.3256166547692202,0
-0.14940345160467455,0.26272724140966064,1
-0.029803502858874675,0.01818626731776396,0
-0.30937535307857816,-0.2706945262938903,0
0.03140325732507254,0.17142305508441813,1
-0.17004166622675254,0.28059577140139236,0
0.3386433769241348,-0.3452497979656019,1
-0.15034793537843072,-0.10076818475746468,0
-0.29883494845813063,-0.10235329363881185,0
-0.008337274436157005,0.023135724182102968,0
-0.16964460073927023,0.39774456389991364,0
-0.11082499141970573,0.37182842684153705,0
-0.03103167910642962,-0.3047275767528814,1
-0.21729570133067838,0.3988610036567094,0
0.13657949699075778,-0.043470357313112384,0
0.22335131501250072,-0.027534667871573493,1
-0.25661392475080674,0.359724031775395,0
0.08345400914628892,-0.2837142490595576,1
-0.3179848711813001,-0.0323419286786506,0
0.3157116988313039,-0.25007077284493584,0
-0.2845643551703584,0.26356063177625033,0
0.037065972516663104,0.11750608814832897,0
-0.21938431911179035,-0.18646057044166986,0
0.24010800997990178,0.2579355060421077,1
-0.1710574621703786,0.37405762255807473,0
0.3405631671987026,0.19403633470164394,1
-0.26075255220924864,0.016098334567756,1
-0.04576833802964486,-0.18411142088754381,0
0.3319954115169499,-0.23283261155837165,1
-0.24899198068677514,0.21407130035711752,1
-0.10415443998154253,-0.11876373581605132,0
-0.15252904422323252,-0.02483436227382524,0
0.30834188222306735,-0.11580508213156665,0
-0.016926126512177952,0.08654553884005639,0
0.05239237718446188,-0.10988032235181983,0
0.24030722462550536,-0.05677021139776928,1
0.018685703556038435,-0.248495605836505,1
0.19590025845862424,-0.3461550281741763,1
0.04813939032371467,0.23184476604674953,1
-0.11008207000648235,0.1578618767073453,1
-0.12281804745149985,-0.21058952731591232,0
-0.18840550930457495,-0.04249774210717616,1
0.27287324953492287,-0.19017825875928349,1
0.11789861307179805,0.14057707797628238,1
-0.01974441175386349,0.3415315756906553,0
-0.19971161040244018,0.24052425843981629,0
-0.006691686276506015,0.22419918524204252,0
-0.3290648535782819,0.38070694721117493,0
0.06525979474516042,0.39823983110766903,1
0.215651394058352,0.17792920348556718,0
0.08967056339627466,0.19604697913346236,0
-0.03797225994724335,0.0874277274186393,0
0.2925192588026124,-0.036015106581192946,1
0.30474944687940486,0.07124324751023031,1
-0.024358872406006316,0.21886425609559101,1
-0.016313129957277683,-0.2885105576810567,1
-0.05517995656129965,-0.17582342559297903,1
-0.24535095751357391,0.21762042699118,0
0.2872644936598032,-0.12852299635120712,0
0.12470188681497452,-0.20468028465612262,1
0.018873237447226632,-0.12278283947095087,0
-0.10881770712574285,0.328864552258206,1
-0.317030242894974,-0.2867216937614674,1
-0.2592777802306269,0.18490014772772612,0
0.1859224056962977,0.2248130708815902,1
-0.2972786465715002,0.07282998679127395,1
0.17817663144246498,0.1129223573337218,0
-0.11199428038656964,0.276050357963302,1
-0.2760543672585529,0.3679107896166872,0
0.15953878778465524,0.2440649931093649,1
0.22099032214612213,0.16821569975923656,1
0.2992352552220976,-0.19330405768944142,1
0.09821058646225561,0.24994208944653495,1
-0.08475446922323415,0.21753740361470475,1
0.3329962546543238,0.2551114778963649,1
-0.15008746182579585,0.34622944665241573,1
0.0032728169790504635,-0.31983413337494926,0
-0.13468884703614054,0.21532642519061596,0
0.1871504874919856,0.16340294007070932,1
0.25842585907463345,-0.1599908566801445,1
0.15286923659071738,0.36030881120264546,0
0.14247182287984061,-0.22534687137431747,1
-0.10567909302899176,-0.22639625260635637,0
-0.3281058637505002,0.07783691476242105,1
-0.011216399799118149,-0.04681007397189596,1
0.27454858790201253,-0.0441637916773141,1
0.0809748776472286,0.11826903258637,0
0.15344146194637576,-0.20510196907687794,1
-0.3459369641697497,-0.38166097278099764,1
0.27380795902818766,-0.2554710532029085,1
0.27757767976746983,0.34470309749001704,1
0.08988270291194961,0.3905711114839202,1
0.02078509745662188,-0.05607935923336249,1
-0.2407955498204481,-0.32066431932045525,0
0.048150324421217694,0.05737777216347456,0
0.2539983509169492,-0.0652145565503422,0
-0.14275705383461296,-0.07138204672032139,0
-0.22692706676617325,-0.08473866277794756,0
-0.32152868099155996,-0.09372311620926926,1
-0.17059721388679053,-0.022064442995208544,1
-0.25130499793740285,-0.2383873720361036,0
0.05794998384855271,0.19760634645688246,1
-0.12330925659241915,0.2340873364749133,0
-0.3272107788498292,-0.04185507059032567,0
-0.25939594840217145,0.045880691253027905,0
-0.08378968188317526,-0.3068525016296314,0
0.17542155911401436,-0.22724075053328516,1
0.01775039725280142,-0.020979561085696985,0
0.218835033289419,0.24276866930805463,0
-0.23704716317139274,0.15762915841594616,0
0.2913011632106376,-0.2657486019552493,1
0.05550764621584675,-0.08486570524675041,1
0.04089509412490189,0.3903953444515156,1
-0.15001411934968767,0.05909445693541482,0
0.1213758778638252,-0.2766736299147608,1
0.19132586104323235,0.09854812473483499,0
-0.34388019057296576,0.2377405469694026,0
-0.31932739045616365,0.003480746423140446,0
0.31557304441498635,-0.32562162777338177,1
-0.15307012185494487,0.38384544562749134,0
0.14002947920160708,0.2212541113903277,0
0.029948615459999328,0.0474194930240584,1
-0.32704171235518603,0.11959123724185583,1
0.020939933313984638,-0.06719281207787714,1
0.24190911308824503,-0.33821273909575117,1
0.27580679814274767,-0.22943465899886153,0
-0.341030117224832,-0.04176001132303686,0
0.27529542010851604,0.2392869911159864,0
0.20402061399125426,-0.051339794320217735,1
0.23563638102189766,-0.08703960226394047,1
-0.23737650919128506,0.2793345082165589,0
0.23321880151940966,-0.20941857402873323,1
0.0025239269556347477,-0.3096534505679327,1
-0.16198700709728023,0.3091020167012031,0
0.1292912770581645,0.35344302262381333,0
-0.24175564487231976,0.3907962074192133,1
0.33467072269928444,-0.05171906337007437,1
0.005175098792845778,0.05648692297389868,0
0.1477306541583649,-0.24478585107167242,0
-0.03950380785271862,-0.0494326322893513,0
-0.12307085400788526,-0.30110253200147047,0
-0.2997181881586669,-0.2485579301683595,0
0.05450735054447442,-0.13298331013923187,0
0.09459429324482671,0.2130356401932164,0
-0.10671136080185509,-0.08965744533748482,1
0.22287252059015916,-0.3166563484481156,1
0.280414705635026,-0.3050502426569917,1
-0.24326564836414033,0.2735812422599332,1
-0.1478100082076225,0.08586736566304987,1
-0.27975807632415955,-0.2903636014187681,0
0.338774307120837,0.35973998927214446,1
0.28129035293768156,-0.1653114929982742,1
0.2960243851534502,-0.20356325545642076,1
-0.1074913326250937,-0.12793376636449222,0
-0.3082518423894275,0.22592886719541494,0
0.2698238715752489,-0.04896953931556852,1
-0.29931065965363474,-0.32449586074201564,0
0.26756397151447475,-0.31122855065016974,0
0.2023331362857741,-0.08544401105158606,1
-0.010751310216875032,0.241440595505253,0
-0.2790318316686792,-0.1988216585546807,1
0.10552960468392181,-0.27781605279217597,1
-0.1104445895236855,-0.20263777181569742,1
0.09834215886156977,0.14084595649436848,1
0.3426702983925962,0.3726494193016816,0
0.04817848982007272,0.3083709762867839,1
0.21131402714225855,-0.2695616820531768,1
0.016309948170052047,0.19765166858997074,0
-0.040660494620745835,-0.32562822668213026,0
0.019424895759025562,-0.1336012548983509,1
0.030514815985090038,0.2309381565435743,0
0.28409844055717426,-0.3351549621990573,0
0.13396502019217,0.08091249711171644,0
-0.03399977717203784,0.29300194711425265,0
-0.20734382960698253,-0.10004859038208469,1
0.09096455562752925,-0.3820537344013862,1
0.2238365156187958,0.05826311690889979,0
0.22601341264650154,0.05067294318892995,1
0.04492811483619252,-0.014511683180204848,1
-0.2503295720918741,0.21535851645578963,0
0.0018736130095458603,-0.02160453435057408,1
0.19208471898176516,0.34560860433417695,0
-0.23511043196895923,-0.35264115949013713,1
0.29644918679486876,0.11936050115724994,1
-0.10058644210640344,-0.30343092518902737,1
-0.18969972863348317,0.39661981924827916,0
-0.10628474157539539,-0.39190532257337973,1
-0.08860570938178997,-0.011636303558912542,0
0.24973044967902847,-0.2946707793990843,1
0.2884913203473829,-0.2409131185524764,0
-0.3059585611132276,0.3989526805752366,0
-0.2152964638958425,-0.3001392914910346,0
0.3193898100777992,-0.2180355606968373,1
0.26545142471257777,0.31415545155573665,1
-0.27480313183444105,0.3268038830258485,0
-0.3067501623759199,0.11898156796208426,0
-0.3464752030652071,0.1274388474759599,0
0.17047552092573548,0.05337483645640334,1
-0.13868623372560998,0.3823587647771657,0
-0.2521582350707458,-0.16538165801259572,1
-0.018809957807710387,-0.2451885441884624,1
-0.06309972052562218,0.19246807819060097,1
-0.27992893687444614,0.21406022724871032,1
0.12051458577266527,-0.31099303412737983,1
-0.12600795687113547,-0.31072018734828327,1
-0.09102674752163142,0.25681324445929965,0
-0.31780263057037195,-0.03734836119958984,0
0.144773624627357,-0.1994206435992335,1
-0.3418752990316257,0.36253600134733244,0
-0.04507245879606708,0.28357863522744586,1
0.15351685528139447,-0.2396699021062891,0
-0.2986386890636038,-0.12752164575031583,1
0.2895717441433775,0.33894512353654693,1
-0.3368153760592758,-0.3844847526001221,0
-0.021809542612560073,-0.12961347993410638,1
-0.16735518992570667,0.03965985795499316,0
-0.20859352625340832,-0.2377793413074265,0
-0.01297037560751918,0.2415828727841247,1
0.32522707309105603,-0.17372932598634325,0
0.23526694911429313,-0.13364617034373716,0
0.08903953448279794,0.3208750851781953,0
0.2969997759624835,0.041466958626487194,0
0.15693165908682893,-0.08635912477957275,0
-0.2170847876931662,-0.2542869377293301,1
0.13245818505722368,-0.0892223207238233,0
0.18686847891315694,0.21962460769271597,1
-0.0658754583850098,-0.18788075856598782,1
-0.05234496685878948,-0.11024482801556096,0
0.17572262999366284,-0.23417590960356824,1
0.257553742006989,-0.13235351748724228,1
-0.045547148534492654,-0.011907869153748252,1
0.13415643822821327,0.10328102424397467,1
-0.21233390932567267,0.3066987967285357,1
-0.09015057893443784,-0.02641443034480212,0
0.2581555609367112,-0.20651980539400272,1
-0.34052790269020755,0.3844883893547476,1
-0.12640052247438205,0.05076370197872865,0
0.04988654345435606,0.2665247883434505,0
-0.25039200543706824,-0.07805349082398205,0
-0.30756422497271096,-0.25295654453293626,0
-0.26203866133730624,-0.2013809571891267,1
0.2557517609266211,0.013684131252134357,0
-0.19365962040528684,-0.35905283784443204,1
-0.14163275040485862,0.24281748076643306,1
-0.041986743031013185,-0.2753402750446363,0
0.25111687815199624,-0.20358796261923207,1
0.08230630634649633,0.26999907476504015,0
-0.06115574273666702,-0.25035926427883126,0
-0.278301715612316,0.14544992577485816,1
-0.003944408500570151,0.2036035296274239,0
0.07017281996439251,0.17453253576324745,1
-0.33870316460145916,0.07214288657098011,1
0.18392481847099507,-0.23190027716495065,1
0.3180193708983372,-0.030794379943006434,0
-0.0343823199208837,0.11962627665370285,1
-0.04715056714063426,0.029636084310691924,0
0.26932670601043296,-0.2729792549868564,1
-0.31244541695075034,0.13352155660347742,0
-0.2739470352519612,-0.16543755709946828,1
0.1584639377052477,-0.3631898943066208,0
-0.16180295884117696,0.33840400183295294,0
-0.03343800012712056,-0.22131643133183349,1
0.14516557811374664,0.32852338109109924,1
0.16013491818116599,0.13905726230659343,0
-0.3008441160696499,-0.14149675097061437,0
0.12817217992310154,0.05917774666884518,0
0.2133242909360571,-0.056534632799347506,0
0.3448119200413028,0.03294456703175619,1
0.20384168226445953,0.263695526592447,1
-0.30437905049215286,0.1469120231975929,0
0.2524745208105518,-0.04793446164163295,1
-0.055429855886440005,-0.35354098705037384,0
0.10841159487514895,-0.11144534600086003,0
-0.1051920785786006,0.016975005950141786,0
0.09551489707181215,0.11510042590886493,0
-0.19808559057585712,-0.29785685807842466,0
0.06137790101092949,-0.1671275675417582,1
-0.3152302097308888,0.18977103769966974,0
0.0859186017958366,0.1791201353396007,1
0.1833824577584856,-0.01984542020564478,1
-0.03117413994200291,0.27833457174605436,0
-0.24837931901610522,0.33530321684251374,1
-0.2819555085853254,-0.2476083772967134,0
-0.20514440305972342,-0.3650603168585558,0
0.16674254021492563,0.3841021373176431,1
0.3096242485776307,0.017258169223398512,1
0.22189552460349826,-0.30525136319300245,1
-0.30892738317855806,0.09000284078112558,0
0.33395595278553947,-0.060066308753311315,1
-0.15772813980660125,-0.33677788327807046,0
-0.23632658878610402,0.0010790565694780985,0
0.02444644110480987,0.1704416066176283,1
-0.25610637390022906,-0.3888096728139992,0
0.320862176448968,0.2543546707469634,1
-0.34037642616966585,-0.20927403554981627,0
0.12680836998098005,0.22825496272457046,1
-0.14496229331607507,-0.1743518420141446,0
0.04371606628533148,0.31026472290372364,0
0.18582297684145588,0.11498990187598346,1
-0.21499751522290222,-0.23831059299088367,1
-0.325714966073594,0.2337003050690959,0
0.32247652047926134,-0.11754026790680466,1
0.16083429097384583,-0.08172223636844517,0
-0.21998651892276908,-0.16900769770122015,1
-0.14751104707218785,-0.06695424837597186,1
-0.3030530971122377,-0.09650464236888079,0
-0.09543653681236636,0.04097496147068913,0
0.09414795959780137,-0.1750189933907379,0
-0.3328340331824203,0.35568302400716456,0
-0.053067951938330304,0.2285111592695891,1
-0.02659627163048406,0.25691344681405903,1
-0.16677185580654175,-0.28047842355177405,1
-0.2016689093343555,0.030889756674986835,0
-0.11004200113662707,0.16240256148909948,0
-0.3397244591985775,-0.037013012383281585,1
-0.2440630349830853,0.29889822562438206,0
-0.0009081481440761374,-0.3205366082868058,1
0.12521723621969277,-0.07172028414053055,1
-0.019421014491186772,-0.0593108802015202,1
0.25029099815418565,0.1495652027186185,1
-0.2703200222129105,-0.2137545413950539,0
-0.1309725488408355,0.12930988408187483,0
-0.026206636035520037,-0.28458137991965193,1
0.2372536131892563,-0.28358862096787923,0
-0.05901620454865564,-0.35845935499022696,1
-0.19964045154314705,0.35238655391150253,0
0.01274284924524971,-0.3538055448915833,1
0.11318090254841834,-0.1411592121091793,1
-0.21163607366587403,0.0346073300474693,1
-0.016466139158519633,0.3220695241166037,0
-0.0750328428140778,-0.2921818686059151,0
-0.12694417508837416,0.242814460303866,1
0.04676032022160587,0.3914424256669934,0
-0.2699897992941114,-0.2700244337409264,0
0.09695046783364103,0.10927426181373712,1
0.2006597108860454,-0.06528494865789086,1
0.3493913175032557,0.22063099751930715,1
0.20122989144304237,-0.04196046581564872,0
-0.15293489299931717,0.1359683280312255,0
-0.16002230243478865,0.316529967328506,0
0.2418616923571827,-0.3065795669359549,1
0.09092886279545515,-0.3873147390533058,0
0.12133682453977768,-0.059014703738772045,1
0.109106461330581,-0.24291442287659246,1
-0.3287237362928284,0.10596754177313517,0
0.2189392329275628,-0.14618682423259738,1
0.12967633735666007,0.2830664471033594,0
-0.14020611946587183,-0.21577104071816164,0
-0.130175103549703,-0.1455800039909546,0
-0.15534797540242662,0.11946364479707439,0
-0.014724974435274985,-0.019591719847205646,1
-0.272003339503703,0.3171524626378356,0
0.30375622859869644,-0.04343776714646658,1
0.15491195721562823,0.1732062541330841,1
0.11884334853150391,-0.3058404518404132,0
-0.30833320853472324,0.35920795816518225,1
-0.18018177032740285,-0.09784120734611951,0
0.3399037696896541,-0.32538907241777804,1
-0.1351319271424568,-0.11867819708895411,0
-0.0941074049557134,0.22930336861861889,0
-0.10556478501958008,0.06210218021970526,0
-0.2437485961604854,-0.11967132346844606,1
-0.23542298489822105,-0.21729025214438868,0
0.283636196290988,-0.07444758175838223,1
0.1504684988238275,-0.07642300557683218,1
0.2658101064273132,0.08515101497635164,1
0.2829480972558289,0.1342589172303228,1
0.29171186641597513,0.2287472704905098,0
-0.2551015743659803,-0.26990136074734206,1
-0.0270027977747343,-0.26995307598128476,1
0.22524569697079289,-0.031865052344341116,1
-0.32264554732412687,-0.2500442432338049,0
0.013120156284785633,-0.09537462892307236,1
-0.2371026492269664,-0.32494499374697894,1
0.07904021794624916,0.062092755600585026,0
0.1448666434739032,-0.37407522348853023,1
0.13486774708523358,-0.11929060135530928,1
0.1274690450999324,-0.1890989457910573,1
0.24938383026863575,0.398285943105962,0
-0.09548257483711381,0.0894734644921672,0
0.3266773893233711,-0.3623263500098012,1
0.1172146599614659,-0.250968597254993,1
0.2219000077463541,0.2425024483269661,1
-0.14833219819046944,-0.06876700741790287,1
-0.0786321138435579,0.38766321266699233,1
0.0956700354410207,0.289435676948658,0
-0.19310178481975415,-0.14420670276965392,0
-0.10720955060211049,-0.39091174957533437,0
-0.2302161471040507,0.09698399606055863,1
-0.3234666934187504,0.11485649027382916,0
0.2438311078941633,-0.19719225084015665,1
0.07960804529544308,-0.37856503049700063,1
-0.037075959214701304,0.015315054455498411,1
0.1301217240759145,0.22975271079012438,0
0.2434451799518662,0.11417831408528989,0
0.24644349820197975,-0.23906784538976336,1
0.30589115778274667,-0.2212228386116163,1
-0.026657189945301196,-0.3193005208728088,0
0.030234203118451708,-0.05585722386943648,1
-0.2790532880177347,0.22486868136650973,0
0.33209187133036955,-0.04217764511510913,0
0.18439491826176424,0.3130898293539758,0
-0.27134225229331627,0.23820706519724633,0
-0.2678735304404396,0.2692771407552098,0
-0.1587750678703716,0.18364939601372077,0
0.30858579342249604,-0.138832545924076,0
-0.1496105447608484,-0.19676036711601164,0
-0.2697341631027661,0.35424657329701603,0
0.32387990398050903,0.22136685722915772,1
0.3123561125857385,0.3349334757883252,1
0.22112573716643336,0.03651646931601871,1
0.0996859405697984,-0.03890995582218404,1
-0.09105539660361572,-0.13643201118668274,0
-0.1894862205825148,0.0381106043243043,1
0.24008926203070302,-0.008722276358141712,1
-0.08557743681346874,-0.18587485088034203,0
0.10304848707020337,-0.3923398507016452,1
0.1049960864166416,-0.057309726126128335,1
0.009304611344225222,0.15191980385691317,0
-0.003857681549279013,0.05378492313833749,0
-0.2123796784545583,-0.2369805108121205,0
-0.34677606739829386,0.31772337502967185,0
-0.15106684025916395,0.2834049812529045,0
-0.0453171696299689,-0.053883102458090804,1
-0.1707600188978643,-0.09918146954390139,0
0.019144633153473145,-0.3018190655871311,0
0.03537929439416326,0.29864393300470127,0
-0.013956184448232711,-0.37595364211412297,0
0.1567915842051324,-0.17601824114881978,1
0.34346399160456387,-0.26999034827898916,1
-0.20763018202941977,-0.0501351148532837,0
-0.2828222334428494,0.022027636751183688,0
-0.02690913982172144,0.04374593617744882,1
0.3308887320520054,-0.2529936756417407,1
0.033740245956335624,-0.05533772802262621,1
0.22944921744088675,0.12501343542435428,1
0.042650917340658734,0.10872329827836602,0
0.1436587180353029,0.26883631481333825,0
-0.12428844018378277,-0.3998662609230224,1
-0.22707989843907633,0.33537416114434915,0
-0.06374137976899052,-0.16590514989869318,1
0.3302594957794023,0.3814786855157517,1
0.13073811429206222,-0.25500266228990043,1
-0.06846640663369896,0.23157637278362464,1
0.017768566932749863,0.31813377318703073,0
0.17210476463232727,-0.23450402709971696,1
0.04956826200714176,-0.20969371304029327,0
0.060154989760310806,0.06556313591379348,0
-0.27220376390837103,0.03321750608333873,1
-0.07005068752398252,0.005969024136447287,0
0.010695924466237183,0.3349528909239389,0
0.08485252005875893,-0.16050024212535147,1
0.2910215118575439,-0.04146582060155435,1
0.08305897437036114,0.24767367381200267,0
0.10016602188968654,-0.13227391347732737,0
-0.18925926788754405,0.3771232472264565,0
-0.30721856536599174,-0.0060570995422832286,0
-0.2640108015187357,0.2391416618391824,0
0.2919859401812068,-0.03162293667666238,1
-0.007803576765340825,0.09505164188372561,0
0.18075042010408837,0.08683031981763695,0
-0.30381247365129554,0.3313417268966611,0
0.1911940629702168,0.14942066123989906,0
-0.31410090857710576,-0.289683434346373,0
-0.19975622433719978,-0.2807049532217999,0
0.09918602086107997,-0.08144740976057702,1
0.03797424927556503,0.1195472575479839,0
-0.03971933715155895,0.3325567307283944,1
-0.11268349421684598,0.1900771747079364,0
-0.04057204326395519,-0.1964490563385981,1
-0.29452975564512507,-0.14212159683218245,1
-0.2734702249997232,0.3807731278411266,1
-0.05208672534578407,-0.11148689628093839,0
-0.16850993773654166,-0.1716433029944036,0
-0.2668864822909426,0.04979591212269574,1
0.06168974753554407,0.2398192881166774,0
-0.11981924567469882,-0.2019252028900403,1
-0.10076963865340674,0.25480180012302667,0
-0.3364283786202754,-0.1613745697368647,0
0.17073430048360505,-0.317197428656225,1
0.22489193931665796,-0.2487078277865666,1
-0.22142037339065193,-0.16888028004870614,0
-0.19359992140990315,-0.34997112537379016,0
0.3203967653311126,-0.35265674077967646,0
-0.07672318082718954,0.021883309918606375,1
0.012545121989821661,-0.10534822669447275,0
-0.13178204181245073,0.32489643356238307,0
0.17455549553028504,-0.056056085293565594,1
-0.2819624029517873,0.06272975349334686,0
0.11388930422223692,0.31008653019423915,1
-0.334177245909177,-0.19200704293061294,0
-0.29719400649300887,-0.26747916507876757,0
0.13008395439579212,0.39200144302662976,1
0.05444864838821606,0.12873539192020322,1
0.22217474206115917,0.02288062782149225,1
0.19345794307978348,-0.35532927648004153,0
-0.16041288471166232,-0.10336145409484504,0
0.11329182902888663,-0.31132784225697413,1
-0.1901456456640853,0.06680847566875991,1
-0.3217580630213736,0.2398737984223246,0
0.09528085433512568,-0.0434962377442627,1
-0.2503299166687091,-0.11495721620550087,1
-0.014047071157822055,0.1695028216859895,1
0.021120415664487524,-0.12704138324489983,1
-0.0007416291432947308,0.08356489260171995,0
0.1049868698287621,0.2360989178035744,0
-0.15915333841203985,0.36009507897899173,0
-0.3370541184422524,-0.01623210890103577,0
-0.15948491107737767,-0.17207950579695055,0
-0.01598608045240696,0.038593885010018425,1
-0.18631582267539892,-0.2723882713349074,0
-0.2612146781730557,0.37614106585284857,0
0.13072239521460527,0.394243740628048,1
-0.017620815705719828,-0.00311450254596235,1
-0.08114598026297531,0.2102471587899315,1
-0.1347385330021155,0.38502585442269566,0
0.052742047689069094,-0.09436048711012085,1
-0.32948044118032355,0.23173218897745107,0
-0.11909472031225851,0.30873863894055864,0
0.13910776451503443,0.19294632735592887,1
-0.34021997571251916,0.20156193287713864,0
-0.2154221303181731,-0.3304240744255624,0
-0.17620215647360132,-0.3094581221951505,0
0.31441280481622946,-0.13741145903987723,1
0.10390302062756085,0.14307946722576048,0
0.1801247544527138,-0.24994261296239026,0
-0.14604648888152122,-0.33250753850998915,0
0.10023723377947547,0.04979633484794571,1
0.31141101772743285,0.30513487923245797,1
0.09953550964682756,-0.1881567633733675,1
0.024613154510955526,-0.015670634344039036,0
0.27000013864427197,0.3625553754021782,0
-0.08912251588061776,-0.1420675946843814,1
-0.019493086918290492,-0.3981765461283289,1
-0.24985827346921974,-0.25832490137734354,1
0.3380279601313898,-0.324024941216785,1
0.018220678028427084,0.29162342252772033,0
-0.34620336099686394,0.12602345142866667,0
0.3291824195935543,-0.315107593370163,0
-0.3169617549322338,-0.03790357256131288,0
-0.14254372558225606,0.29859622393056906,0
0.3397067558502793,0.2741249504136939,1
0.2144743666783221,0.3444596382551748,1
-0.1885430091443753,-0.11888826059161212,1
0.028088505193561264,0.24063401412321317,0
-0.19550252789754155,-0.3255314866499573,0
0.020347328622247807,-0.2200714324081174,1
-0.24441669808317562,0.24813840907160922,0
0.015319032586582626,0.1383533065869248,0
-0.26432252006713497,-0.31941061471203214,0
0.32717024468760625,0.06319435695927833,1
-0.20351875298102248,0.32913680591412653,1
0.33970853096913356,-0.002065766945592684,1
0.27854042417985647,-0.011723387649105965,0
-0.2773178524720369,0.0028395090505917153,1
-0.34455924532389454,0.34906900637890115,0
-0.07057764099793162,0.29788473971601026,0
-0.1231341255989131,-0.3598868347123376,1
-0.19472081097695013,-0.25405087312094266,0
0.09001044112539458,0.024898279953957658,0
0.11163258657071895,0.3562329798149956,1
0.07611510389778364,-0.37560867056143404,1
0.1696722183958871,0.32918264288713917,0
-0.08337673955967534,-0.004826787696780077,0
0.06586278409821494,-0.37272940414866523,1
-0.2941606510502889,-0.22521330449816876,1
0.09282099511443609,0.11260803495428573,1
-0.22546163948325093,0.2053442293597002,1
-0.29897585938295035,0.35152858636200157,0
0.05541523444117974,0.08308285445694696,0
0.10165082146915455,0.2100183727861923,0
0.07084921056673249,-0.3305370726888021,1
-0.29959390605020575,-0.014705724982386481,0
0.2880572208530916,-0.1858776613241247,1
0.20521081517209971,0.27107872863192317,0
-0.16374635933720677,-0.14266592472163903,0
-0.20203798830603317,-0.24075674471776917,1
0.3362057173388191,-0.26337678532880604,1
-0.23652380587357905,0.21775133428076998,1
0.14720196719799267,-0.36659164771223934,0
-0.2821256787246778,-0.0357991100365922,0
-0.07557624665622698,0.23519575841325258,0
0.04737664580502726,0.11155683479389222,0
-0.26680609751586604,0.3090114648017568,0
-0.04952043808028356,0.25915193121358415,1
0.2303808122949187,0.10083755687908569,1
-0.23210358685120386,0.05322941167637285,0
0.11240014812788501,0.22809365581242025,1
0.2991102011475877,-0.024905075244690544,1
-0.24147771210858593,-0.23268049570266733,1
-0.18470285038428427,-0.04766655116062968,0
0.2598870208219701,-0.39392222781226627,1
0.01140814957315378,-0.09752575534128843,1
-0.16908700453086217,0.15732256379400977,0
0.17011504095177898,0.23381621275217623,0
0.11569648920860826,0.37320077944719354,1
0.0894117474333192,0.17217869973953603,0
-0.236082288440499,-0.22096129033146186,0
0.20021161759013018,0.10621512738088112,1
-0.32633863988707057,-0.38101977835844747,0
-0.12395994410896546,-0.15118046068471003,0
-0.17605751581591142,0.08024462228901108,1
-0.19035697597720627,-0.24336304784930177,0
-0.0479850453560014,-0.03133872237712776,0
0.20335650964769847,-0.139692572667323,1
-0.004638852380421776,-0.3946291312002032,0
0.03836015004407212,0.1846177233231886,0
0.2811819288190984,-0.17659309868013412,1
-0.1783176164499908,0.12596764674140581,0
-0.11062456413949981,0.15299337569831872,1
0.2393856110492283,0.3545894121806318,0
0.1733692438894533,-0.34867933083768454,1
-0.30116535203585854,-0.01756202858373357,0
-0.20859705108726248,-0.04609224570333986,1
-0.2625098285983291,-0.16189268220144976,0
0.17551459881471942,-0.1330300738243153,1
-0.28983809098390617,0.018373581325307697,0
0.032941502514810095,0.20042698073567244,0
0.2551569804319683,0.36720253845789075,0
-0.03570467451216108,0.1430722388369735,1
-0.09369305450116233,0.30484349187687665,1
0.056094847492341504,-0.29554552685807434,1
-0.24173950938758454,0.03632146979497153,0
0.3122044538247505,-0.10717176345077856,1
-0.32333045920029435,0.32822287456316424,0
0.14140440052526043,0.3629215743767855,0
0.13471341046229462,-0.3852635124608229,0
-0.30925638197801986,0.2465575829212262,0
-0.30714156555083105,-0.30546911681367084,1
-0.19587265474718862,-0.3223632919806863,0
0.27203628603843055,0.38667301051949143,1
0.3381862903520244,0.24255844102926927,0
0.2891631921411649,-0.33047708902508915,0
-0.3404118119059432,-0.2859475573907744,0
0.32197363774293486,-0.07037381833948136,1
0.3011888060743635,-0.026039805420166207,1
-0.3325683627492722,0.3221204794089667,1
0.02897725951278307,0.21992717133001516,1
0.33925620300860937,-0.17202325372443214,1
-0.030269970800253898,0.13438402674822547,0
0.2853680285919492,-0.31878208011942094,1
0.07961172118395321,0.19488995621415384,0
0.21817053957305665,0.2882903221338621,0
0.14946086283755006,0.017814097896626635,1
-0.07431030139393974,0.3303625636212405,1
0.11050400747592193,-0.25775097988576745,1
0.259833109713257,0.2018586431423227,0
-0.10393630847586974,-0.15604700125311002,1
0.04856234386540659,0.1416724276116721,1
0.2588596264380172,-0.39196894789069214,1
-0.31363855602570523,-0.14799971325507483,0
0.2547029122640351,0.09404655286738989,1
0.29709294489259896,-0.08176137733017425,1
-0.18314158156174482,0.033699966369565515,0
-0.34451020964524953,0.3287852507416197,0
0.22405183775352888,0.14077057043721153,1
0.19228662981880051,-0.11647262776939576,0
-0.30602245296297087,0.16172385481091234,0
0.19464254819568638,0.244963890607114,1
0.312851024367523,-0.39404357800039347,1
0.1771919878177478,0.36839159578459446,1
0.06718205629358381,0.02025216446197098,0
-0.2236070624227425,-0.1405625873404605,1
0.32676562813351007,-0.04469847101233643,1
-0.013294577003943486,-0.29236449094712597,1
-0.2924639195879868,0.2810082938872801,0
0.03456383066890617,0.17979235460651477,1
-0.2647092967422838,0.29470104490131255,0
0.2857164208457179,-0.07985174925691918,1
0.11196682510506228,-0.15439456940645116,0
-0.21993359408974478,0.10965586163391428,0
-0.25686975923481586,0.34576700927131065,0
-0.14848175888636955,0.33951716570757307,0
0.09226359362313202,-0.08486265404951565,0
-0.3251830536979421,0.2739691125140332,1
-0.07152644121449075,-0.0406018058140904,0
-0.1534889082648916,0.32266105387326005,1
0.3295974629622451,-0.1750422154861039,0
0.19719933221405983,-0.1439008957836143,1
-0.016343722441145236,0.13564767550279633,0
-0.0028090562140827835,-0.3568571624848888,0
0.23743102007507855,-0.36036752714835735,0
-0.21446392473489606,0.29727679890846315,0
-0.11792959309925585,-0.21230516285260573,0
0.18254720219627352,-0.37761793464757637,1
0.2599162312553762,-0.24117620614197932,1
-0.31816616043515633,0.18444267090961386,1
-0.04509247939987421,-0.12127613511980045,1
-0.33749328465277056,-0.1580347165359588,1
0.20827035031677965,0.16834339618269223,1
0.23809005422911111,0.3338678913677231,0
-0.1629417946382115,-0.24250868077452978,1
0.09436369222340696,-0.1475719601197647,1
-0.3272542744584267,0.3235566837374989,0
-0.3466979553842568,0.13837151835070283,0
0.29029372164237577,-0.28216215342526363,0
0.10601574955997356,0.35436185674293597,1
0.29003490479462235,-0.25845895295778254,1
-0.2375958060273678,-0.3856237790574681,0
-0.3124364181429075,0.0940448990883388,0
0.05659032621458676,0.25489483673350277,0
0.3182595377663431,-0.02143636838412888,0
-0.05422996467487484,-0.1843211225694475,1
0.23806954439822603,-0.1090071894120534,0
-0.10661859640949045,0.07301326793976565,1
-0.11453849673351371,-0.08595054229495186,1
0.3427903122684651,-0.06996508589955369,1
-0.25313342399673,0.13494557392991857,0
-0.20321429685917342,0.2712037793174126,0
0.25088241841777226,0.027826722793768965,1
0.11323911926900754,-0.07411377677659525,0
0.2964858162099129,-0.17167995801704317,1
0.33625812048321313,-0.04574834002823558,1
-0.13008311738737444,0.3397999148437063,0
0.1287597978456313,-0.28531015370021084,1
0.04310699251825345,0.026165391048166953,0
0.22306403211624293,-0.26633760440509635,0
-0.2819720552726327,0.018663657094432906,0
0.23308408516153323,0.357402320855417,1
0.17092783493153985,0.39918670122735145,1
0.1909349391239965,-0.3960942126259296,1
0.13638169480044526,0.22499232494961363,1
-0.2626453705824583,-0.14869609134385986,1
-0.32654382666372594,0.10565971990484346,0
0.17037734456510678,0.14157355956172446,0
0.07168434065308965,0.2793735001144412,1
0.037920696998081704,-0.004677025277912139,1
0.1593455953965227,0.11031974958608137,0
0.29272542568889315,0.11226664555660482,1
-0.27259326018477537,0.39284052802578795,0
-0.31216407968035814,0.1794174942418928,0
0.11469926355859866,0.09563464768078955,0
0.06126235170735178,-0.09846647489481508,1
0.08395954538657341,0.12823371749226942,1
-0.12753930011675052,-0.19239959790251088,0
-0.08675895308385917,0.36476682072754807,0
-0.1827239921917658,-0.05046072434952292,1
-0.07129066260614986,-0.3730934639475065,1
-0.1148007584265465,-0.3403603849100392,1
-0.1754259899351288,0.1474067086156733,0
0.25921697450264736,-0.18564146431049916,1
-0.24604657316586756,-0.030979736700562976,0
0.3349706309609075,-0.1484885104759927,1
0.050961643595539785,0.08838670717757002,1
0.21704394072953248,0.09784567275754019,1
-0.03946062940070921,0.16913269746059822,0
-0.18116532039407482,0.28450129473272356,0
0.07467091597541453,0.21420517011533036,0
0.26802202277133,0.28309884754811676,1
0.27289523939518945,0.35700607481697777,1
-0.30229819970829275,-0.19882568751012084,0
0.1917032636489968,-0.3757880552201326,1
0.13229269392779458,-0.059311730630070225,1
0.34890889324333907,-0.21372448211586273,1
-0.3387042718078271,0.3709384916658637,0
0.10221723557595375,-0.09902249895505733,1
-0.11584812781064113,-0.28876853062632074,1
-0.3275050660157449,-0.08841211305343305,1
-0.24484746595048146,-0.39016192251677806,0
0.016843526546980125,0.049674323022715516,0
-0.17768781329140193,-0.35370737258202667,0
-0.25167212916958825,0.23307118853891395,0
-0.026685164029111752,-0.23181984881551207,1
0.15736780084025248,-0.32572578455473755,0
0.11687206788200588,0.22927062567675793,1
-0.25059246896656234,0.3733416457901889,0
-0.0735005565038418,-0.3228706614708443,1
-0.23478512658961143,-0.16549409769661194,0
0.33628997012402384,0.30770036724562344,1
-0.09088505397671576,0.23292676489014408,0
-0.11071504838735699,0.34540157449834963,0
-0.24046207158260857,-0.053752652681352486,1
0.036906750020025025,0.07475537642163294,1
-0.2472621792423575,-0.20368216981650233,0
-0.2822629386322244,-0.3953381144825818,0
-0.2649155558793813,0.3999008279006455,0
0.08588012655394273,0.0701454610411828,1
-0.056532486749852284,-0.02720816445175045,0
-0.13336622533027717,-0.24668434456677524,1
-0.04871974435196458,0.25554619341212825,1
0.25523109972069136,-0.043129821652072575,0
-0.3231217162456779,-0.0978014237044108,0
0.038175219102236646,0.0978343428139058,1
0.27879210277949384,0.16689990332877813,1
0.12082639016174401,0.18114931640370735,1
0.057660090229952166,0.19085658919320714,0
-0.31718477409188445,-0.2769614286881892,0
0.22502820015647385,-0.3900556318005454,1
0.04449137873763287,-0.032910811490571124,0
-0.18750010268159495,0.25706731233458224,1
-0.3395257985007102,0.07643273199332085,0
-0.25118609776895995,-0.3636362741807676,1
-0.1328706380933933,-0.08125535091849889,1
0.1886866270016493,0.2229167096030219,1
0.13200674867795475,-0.23651084513692455,0
0.2031564531801865,0.06742514105128883,1
0.26630727920779873,0.25073918330645895,1
0.29555101847521514,0.0537130941680089,1
-0.18193276592722307,-0.39781872223338577,0
-0.17747606766955049,-0.08599245323029792,1
0.22540660615914287,0.20087093770236142,1
0.30178124355992886,-0.2873915799280366,1
0.24502851469694675,0.020620144568131604,0
0.18878350635642127,-0.31806075777843984,1
-0.0242760325058769,-0.29195650221881453,1
-0.28958509842881225,0.03827206033933761,0
0.19800879405196425,-0.29193604762679604,1
-0.03703737820417885,-0.24556478549071248,1
0.1877240927072693,-0.14334415587037713,0
-0.10194833053929128,0.33050283627008514,0
0.05544021380447406,-0.022094129950419983,1
-0.17841745810590445,-0.3034833779205771,0
0.19298121097084864,0.3259391167823237,0
0.12279409553963039,0.23887672627782952,1
0.19069156093684636,0.25751402545786006,1
0.15043311208586718,0.13583947799821428,1
-0.06817379572325732,0.2708281004365972,0
-0.1600533243041415,-0.14403058805098395,1
-0.15297799643543197,-0.18226834780654075,1
0.0017053762952223273,0.06011705673236323,0
-0.02452500048515166,0.17837187291463552,0
-0.17450584455023824,0.24607976678443622,1
-0.06497085265788893,0.18437630997268828,1
-0.1179606287464798,0.3292138256730456,1
-0.21545258828166436,0.2703393517194551,0
0.32722617619316874,-0.0909872385079904,1
-0.23544041071594257,0.2522675357240217,0
-0.27152803450727253,0.21594421248634343,0
-0.05803668785964883,0.06333806726471669,0
0.1433074389682102,-0.19058081368635343,1
0.1597964202033355,0.11309955573355057,0
-0.32524081661943965,-0.3735233390363282,1
0.04360104203424653,-0.2595465892803279,0
-0.25095139835858565,-0.3725646586367308,0
0.08182495245639038,-0.03453523738981179,1
-0.12804757732690925,0.24276693496304513,0
0.16204180803814483,0.35600007866727235,1
0.3194322648316359,-0.06069907177519607,1
0.32122978592100815,-0.28397642190237227,0
0.14240709799412116,-0.22883485326185876,1
-0.14352884275383904,0.31767424345316175,0
-0.32986961626870404,0.38753444225032196,0
-0.14941838003943508,-0.10922917139501048,1
0.04132016293157231,0.34353695385619676,0
0.07830059758722513,0.10054794239057174,1
-0.13138460988175835,-0.09160385448210062,0
0.3050685124321968,-0.21085043933721945,1
0.2737735461494427,-0.04019025406319826,1
-0.17160119480082972,0.06979030339231773,0
-0.017543586649378495,0.21310910266294225,0
0.14276238494718296,0.2502701577367148,0
0.11383209096923552,-0.018941865603664065,0
0.07692503107570248,-0.15310448071145483,0
-0.18612287279566964,-0.007266913785785811,0
0.3001143796557634,0.04563585672030068,0
-0.3251070438515528,-0.16413344156350382,0
0.08810090575967677,0.39399224503038144,1
0.24561228393803103,-0.1953982546347618,1
-0.12309260081147508,-0.39562825687385167,0
-0.29822589744734346,0.2668326232889974,0
-0.23752882428674416,-0.1877784591342204,0
0.11151487540931238,0.2005168825319229,1
-0.2643137574043183,0.128474195182813,0
0.1660904637390882,-0.2264692823652924,1
0.27459247374381457,0.16227894201301274,0
0.3147562977830183,-0.1663207878839158,1
0.09115818657880631,-0.21770667874117092,1
0.19919579177012048,-0.021377064236896115,1
0.16567654267069176,0.34045819471566274,0
0.2775659666145269,-0.06759856690128163,0
-0.32430227285867713,-0.31757116671910696,1
-0.29523236132445496,-0.3468316340257336,0
0.22822646783499057,-0.057522226217471495,1
0.06225015621664465,0.2275334483330489,1
0.02971908001125967,0.08709562173008167,0
0.05778928491196628,0.28723600571681207,0
-0.15275164637579255,0.13859529025776296,0
0.02149440001285019,0.10217091756776653,0
0.011118981442673537,0.05072729211839899,0
-0.08332205883219573,-0.015218791419796596,1
-0.0943139087923654,-0.055673974468093135,1
-0.22465025232284527,0.132291404014945,0
0.24460708840266254,0.21990242774078295,1
-0.15237510587846326,0.31987761315796537,0
-0.012620876500464173,-0.3011447185068499,1
-0.14358306632197226,0.0420083330480473,1
0.21161141080035462,0.34697501202328795,0
0.20313302549974832,0.24598448991712762,1
-0.3412617325031692,0.08054813882994705,0
-0.03368884628100455,-0.14140812692360488,1
-0.30707607385597324,0.23771795594109968,1
-0.10718850080860068,-0.31504710891031373,0
-0.12948887716591276,-0.0619995973987118,0
-0.31980977956708795,0.1843886944833979,0
0.10786567315646695,0.32654239525206685,1
0.053953277438532454,-0.07229749779642791,1
0.16217129128981844,-0.24163758849821104,1
0.25895821230800387,-0.15598876405958306,1
0.09090268286440528,0.38543911131846753,1
-0.02271085692333713,0.19178930179825104,0
-0.010590498334387966,-0.38483001476357165,1
0.10114865581584026,-0.20271333537829694,1
-0.3019765706857278,0.005484311388432861,0
-0.20033228830664956,0.3770864645179234,0
-0.181920149120415,0.20908528534500537,0
0.17209006149159733,-0.30197398296282174,1
0.004872554564014198,-0.1700582334167857,1
0.30952163251310016,0.333243343621929,0
-0.13998012420170217,0.3479122115253087,1
0.17048702210306577,-0.03696439446982602,1
-0.2617374649472758,-0.0855658983412737,0
0.22827930297748356,-0.053609911625347284,1
0.018731498730585328,-0.1641355127874043,1
-0.1769756341745129,0.28066790843586165,0
-0.0664521787611061,0.18583726477668727,1
-0.17566701957021824,0.3733319752675759,0
-0.08990050520075049,0.21097352416223736,0
-0.27558712512042394,-0.39283307067909407,0
0.3014841321059383,0.19374204814595264,1
0.15289910316747912,-0.33766105572400895,0
0.1787438418260101,-0.29519755178646667,1
-0.26442709062792463,-0.11920700868505513,1
0.08014987872057694,-0.2572402102756406,1
0.08615047624380229,0.14027881788402963,1
-0.05299270783811283,-0.13968324972580354,1
0.25517765977934337,0.2920557736458298,0
0.0695590845697997,0.2898973286871993,0
0.17917880829088695,0.32839122282400557,0
0.2703546509623901,-0.23398046749492574,1
-0.02874463726721893,0.17025814553760898,1
0.019742833793031822,-0.10415120991069726,1
-0.10663220290947856,-0.2763709485841361,1
-0.2323113455645261,-0.16301474103538338,1
-0.3371974164779568,0.21436904980801041,0
0.048911582762040995,0.3536909496834324,1
-0.022158788272047203,0.16070842850342593,0
0.03045995445694344,0.28765608531686915,0
0.22811618331695804,-0.021449148682756047,1
0.21486939694298013,0.10382523667698151,1
0.046667012834224364,0.39017787075874966,0
-0.031950304496551896,0.38954404945088617,0
-0.24573970761731034,-0.2335423131667591,1
-0.1141586529237057,0.36037248537923483,1
-0.1920835814815211,0.09014689276548438,0
-0.17154565613232595,-0.08473616015328023,0
-0.012546403031589715,-0.23627052897189788,0
0.26594162134060717,-0.10405976978144976,0
-0.16515131713006453,-0.13774634570956873,0
-0.1572480185275012,-0.11140018826514536,1
-0.13029744187443631,0.37083732424323024,0
0.16754556797683584,-0.26231121011055586,1
0.21094116707206634,0.10230876489158625,1
0.08277964805580146,-0.18242064899382432,1
0.24762044548474738,0.3394550625634548,0
0.34914264047936683,-0.007916070741160908,1
-0.23522842300554514,-0.164979835194574,0
0.14912075664110203,0.29948416902963304,1
-0.03332777141912985,0.20174667066605223,0
-1.9580983412703645e-05,0.10318465975887725,0
0.2825732436419325,-0.25965348603957167,1
0.17552309643633013,-0.03998186608860416,0
0.3342522336338072,-0.28042207599300745,1
0.1242988155029901,-0.19268423789442554,1
-0.3106731753035357,0.02234573130814549,0
0.22092531027497087,0.3060774193637056,0
0.1622745208407752,-0.1498061992970401,0
-0.09859723307281143,0.3767029705923528,0
-0.010299865553465237,-0.32526675135498895,1
-0.0782550356598829,-0.37947146857882075,1
-0.2015508372401364,-0.38249843894695995,0
-0.302078956840788,-0.3039588538345327,0
-0.2176804485033256,-0.3986353031755594,0
-0.290230808642596,-0.08125961240053592,0
-0.23701057975534906,-0.2970109979198843,0
-0.18768804156692484,0.39591861054805066,0
0.12264978453131331,-0.23901734786168946,1
0.024985973947218187,-0.148018999749295,0
-0.10953890557645807,0.2574817956877097,0
0.0638746781615479,-0.17481506961263335,1
0.07575518602373116,0.10467462036286912,1
0.2303833258050454,-0.20665375571335096,1
-0.2995723326613218,0.17005786949255652,1
0.09349595977023761,0.17127620631153406,1
-0.17409225767545072,-0.10762396652926887,0
0.3165353493554792,0.05699712998771289,1
-0.0452765223593371,-0.3273076616184173,0
0.10048280197705334,-0.08048491144432407,0
0.0969066578440701,-0.13388724032870158,1
-0.1298061323767816,-0.25785672395890824,1
-0.1524119890090072,-0.30508896783009076,1
0.28619142229756644,0.016881017862836967,1
-0.08811367619646016,-0.11951256746358024,0
0.23799363848725297,-0.10001181995658381,1
-0.13431925296273053,0.16438038452547088,0
-0.2585133866234436,0.1908600253972299,0
-0.06276717454715991,0.08101280949933631,1
0.25832308882641064,-0.07655449205001086,0
-0.25105967240928556,0.191996409261028,0
-0.1071130272150215,0.35479074218701256,1
-0.028684942726832252,-0.3926972852942867,1
-0.16560169279311837,0.30723701677870285,0
-0.13290924384004574,-0.16569824928191057,0
-0.34918565746127633,0.17029771422130824,0
-0.10090965226625667,-0.14345653384327833,0
0.029987959310813994,0.3185489451536412,1
-0.10977026819523078,0.2909746231595165,0
-0.29710928019740956,0.09795574192624334,0
-0.30967772144311817,-0.02544052302169969,0
-0.3214189709732629,0.20855029811390746,0
0.08516360761208897,0.2838526603470024,0
0.007974792872303516,-0.0352301764137512,0
0.2620834133229272,0.2650339005873197,0
0.16245165984218535,-0.02743385252082947,1
-0.29265399153445926,-0.05663303003113984,1
0.2038361474623106,0.3739293243782684,0
0.06497375507861419,-0.26428283106867856,1
0.3352110878249589,-0.08923686312543488,1
0.28136369576256504,0.2111326096872158,1
0.1182655906649634,-0.31721062291591606,1
-0.15148079497632924,0.013863873421530393,0
-0.020570220312693066,-0.04092458146525013,1
-0.30327704745482004,0.15032989008925823,0
0.3044094819068548,0.354096918535985,1
-0.2572648029210035,0.3275558314639282,0
-0.1817935553432169,0.24883072061224054,1
-0.029289101862780387,0.09024333122550621,1
0.08394638251467967,-0.3407493738768029,1
0.10524948453567701,0.3989729500198056,0
0.24251585113212715,0.3519922531767491,1
0.2741319471177144,-0.010090679738029795,1
0.2543289396084255,-0.3195145808819191,0
-0.1710251065746444,0.2409696073279578,0
0.2216736204161458,-0.3349822977112711,1
0.2751083122267176,-0.28488458572300346,1
-0.16050020588907843,0.0674213662825297,1
-0.1920534666498513,-0.06756251655359069,0
-0.13752519577146052,0.3074038048007266,0
0.20541549042221152,-0.09886304802288776,1
0.33672860189575193,-0.240857178821011,1
-0.17180064177387164,-0.24937287545481013,0
0.16189736620269735,0.23995545127719087,0
-0.11370119313953736,-0.043418550619638174,1
0.26601152365495506,-0.20943500047947403,1
0.169276300602906,-0.12242079426683716,1
0.2788627423292672,0.17126893052630798,1
0.2714605809493321,-0.0839471778975226,1
-0.3389205787290569,-0.041047151974787865,0
-0.23467643997921867,0.23480300437183566,0
0.02951380994570013,0.3744205672365305,1
-0.21416168705615563,0.2697759751645036,0
0.17948312104517583,-0.31245538915861265,1
-0.2911977161082863,0.2007983081420146,0
0.12558848819677482,-0.14850998488999567,1
0.27630377586295485,-0.3527207222085711,1
-0.230064520276836,-0.1367511506073874,0
-0.2936617634966059,-0.3892888003188657,0
0.10589213032459899,-0.3591010659012115,1
0.23031327134402135,0.09693762270720796,1
0.09823243054132402,0.1510325654578476,1
0.2693811419571496,0.35034715991079035,0
0.3296497875023605,0.03607318162348472,0
0.3312728265238718,0.00020672266191501532,1
0.2560363663859795,0.14271198656971074,1
-0.026630311106288718,0.04569594953239714,1
0.08135364865944716,-0.2924904032994515,1
-0.28187019534801666,-0.3555801898748405,0
0.11385257645591135,-0.06740453894498699,1
-0.06059488762250648,-0.3214231588906774,1
-0.04006357230446994,0.24260587218849672,0
0.06620730698633553,0.050278461233815075,1
-0.017876411842817186,-0.12535016769598784,1
-0.03258691193449631,-0.373574674270707,1
0.17149229562449142,0.06058829390068804,0
0.28409538922563926,-0.3634357237273599,1
-0.3347041321546954,-0.0928214415367794,0
-0.2112915814321033,-0.19483604085561934,0
-0.16771070728747864,0.35993943352973934,0
-0.3176155192802102,-0.1806113907511393,0
0.17456911967397637,0.027562273862638764,1
0.23791011871797363,0.03755989364621931,1
-0.13940297061193677,0.043805878408485044,0
-0.07103920708982353,-0.03042601578590698,0
-0.04956187102597959,0.09571856573006021,0
-0.09302543185327516,0.37676677280165394,0
-0.12308802027181234,0.21440799302068891,0
0.14034692646259161,0.3868578384812601,0
-0.3019812024145066,-0.29467347776281505,0
0.2817941925961087,-0.3953844378089573,1
0.08877789755476839,0.3869502259972739,1
0.12705901628672572,-0.38162198839362294,0
-0.07932410960804209,-0.34084390539893916,0
-0.05341384431306467,0.1523078872557968,1
-0.27968634930019504,-0.13978021674239782,1
-0.09576102035046197,0.12270283628455647,0
0.03993277301621212,-0.12167597850144779,1
-0.042314159425297704,-0.17561047940399616,0
0.23873522704559724,-0.3073302002954753,1
-0.11334435810924351,0.22670324425829902,0
-0.1825578803517604,-0.05286432665793289,1
0.2608179687568404,0.013680770947857634,1
0.15554764378478658,0.13564205920149086,0
-0.12966005608678288,-0.35724210978063287,1
0.25216802099820945,0.36179191891749785,1
-0.17203649800369913,-0.27817489016055835,1
0.07060951246894792,0.28975544368549133,0
0.12058705426850069,-0.30386073978141975,1
0.13654382251523933,0.23719671530904562,0
-0.010437260613852306,0.21098040756399794,0
0.2643520710521561,0.2882410031157854,1
-0.10939268599158466,-0.26187785637214517,1
0.11290727867329764,0.34839916766178125,1
0.29900430702081915,-0.3827522062814579,1
0.05620642939650966,-0.2897910593570958,1
0.34353774719695906,0.29144725343583067,1
0.0248637129321857,0.18445663116773536,0
0.3323734569011817,-0.05500401064293481,1
-0.1865913780423376,-0.32587078882306547,1
0.18507525523524537,0.30015952155738046,1
-0.14076345111229674,-0.09390037082313302,0
0.08149657000175564,-0.3845157876818883,1
0.30823332086948674,-0.014818290852616378,1
0.3157326619637265,-0.12994837391078734,0
0.2254426671270775,0.350445009977439,1
-0.34443350219178565,0.25208695950649596,0
0.20557505070458237,0.016029024082191312,1
0.1588972904626217,-0.28143357480937264,1
0.19019581773551608,0.3285347497102816,1
0.09070422909952552,-0.02878571943576319,1
0.18445890791796926,0.24115046434022036,1
-0.04937140451881139,-0.05472575621056641,1
-0.33475760682536154,0.04801847832740497,0
0.2996572325860021,-0.011503160665114476,0
-0.23758860659034875,-0.315600979667963,0
-0.2741535308601145,0.14126210656972027,1
-0.09839036182540956,0.25147260438278074,0
-0.08888730125411903,-0.21020452711224752,1
0.26105688186135734,-0.041515781665814544,1
-0.2274397319990662,0.20907766226456215,0
0.13096908482167413,-0.11879706954968816,1
-0.3319120193435226,-0.32170130886706894,1
0.07082337039901321,-0.3226155091359134,1
0.04303969846804506,-0.34121016080121325,1
-0.3163050936842181,-0.20549937776861393,0
-0.20964426629149047,0.22319434552623518,0
-0.3252247792001976,0.23512879380847818,0
-0.24058479655928522,0.09154535659272839,0
0.1450943257135922,0.25292076659430784,1
0.2019913890270475,-0.1468839479099433,0
0.24027079581738064,-0.36724683352631093,1
-0.19432628015821218,0.3855732194671735,0
-0.164176917801861,0.03814378146884456,1
0.18899833179583747,-0.3981741016577138,1
0.29429148198462474,0.09317187353192641,1
0.17502610325238221,-0.21457715679441006,1
0.12434927589262068,-0.2703385180909551,1
0.17307690951375987,0.05059219689887923,1
0.27889659486756857,-0.3306373911665139,0
-0.0036985739475358104,0.37395232195631833,0
-0.23934328507148755,0.004510458421854158,0
0.3019923985433097,-0.10622772613479098,1
0.04998420337816023,-0.20454805475763146,1
0.23729083520781424,-0.024190940007510264,1
0.14806942175632987,-0.361741367265544,1
0.33008484786121206,-0.283886446888958,1
-0.1343848078223419,0.11019464248471333,0
-0.306755287456896,0.211169028157855,0
-0.07582619885065317,0.3545756913701531,1
0.13318295779611483,0.04964155854703228,0
0.335439189304615,-0.017297277073947015,0
0.04672720031104194,-0.34414089035963946,1
0.03180546653156735,-0.3704231324797338,1
-0.13331037503604432,0.08739277873809775,1
-0.18205032781140568,0.037622306299385955,0
0.2822083201844202,-0.050336961744380126,1
0.3232334535902216,-0.17629352958445763,1
0.11313454040822346,-0.17975494460074462,1
-0.3129243007626507,0.10079891404017127,1
0.06138711509827116,-0.29258593365214614,1
0.03458996009228471,0.1493210356049427,1
0.11418928840975756,-0.30800482900504494,1
0.10722485346044403,0.33370379042309994,0
0.12312044180508414,-0.15363742272862446,1
-0.11429013582111361,-0.20080067135877774,1
-0.23594996926081574,-0.365163731540997,0
0.31683142407032305,-0.11740852387534478,1
0.05026837939905804,-0.12665808728779127,1
0.1939563628447114,0.3020130607487679,1
0.22495829339207984,0.27897997613817016,1
0.04272074488320621,0.3677988614197534,1
-0.20755760062683729,-0.3596057944806905,0
-0.11737594633278134,-0.031374124218066346,1
-0.11054620145902944,-0.17248784444707105,0
-0.3346191066763457,-0.27075993429073214,0
-0.22414845855720048,0.014253609556337199,1
0.2727124359136962,-0.107335643731998,1
0.34599681429951645,-0.34023738003441717,1
0.2586501389272018,-0.32155305163066433,1
0.2515187726021706,-0.2979984468636164,0
-0.19924938302773065,0.12474292801919107,1
-0.24874677900395228,-0.2575235718936062,0
-0.2715421558881585,-0.28202708881535243,1
-0.18815517315439562,0.28674574314973855,0
-0.07672564542360988,-0.1846978475069644,1
-0.2590711669151704,0.2354265675817957,0
-0.1475745823796008,-0.017853229702136986,1
-0.3045221565375716,-0.2543090065789497,0
0.05729751115486631,-0.15814571843372083,0
-0.19262469806936153,0.2626177549410973,0
0.13452010280854437,-0.3745666548595005,0
-0.2044482350844419,0.21897502618329034,0
0.09092559503717512,0.1524199837892487,1
-0.2640735976234643,0.05840266385449622,0
0.09072957181388819,-0.39409053349493706,0
0.24877848818353365,-0.03847729553411405,1
-0.12740102153348473,0.3226333105276079,0
-0.2891276065481025,-0.05155187025243951,1
0.23454099387446403,0.36199601479704235,1
0.018838855336621663,0.09369615547747401,1
-0.09517867407219222,0.3592779697472992,0
0.005454363812789131,-0.3497756784556672,1
-0.18123498266778712,-0.0061823414182559655,0
-0.013294965942307668,-0.25427555166783816,1
-0.23574286430466074,-0.3994396592983064,1
-0.04672371641752027,0.3593513157474758,0
0.22763549251553217,0.07611813359011366,1
-0.24477335001978273,-0.23111705464947666,0
0.11469954921253073,-0.3882646506806537,1
0.21201544910075654,-0.24701250496665353,1
-0.0065662376143169054,-0.19250431552547084,0
-0.31332726151433826,0.032199155463112195,1
0.2154926667861432,0.12997309722516315,0
-0.26045892170708135,-0.08165831463987477,0
-0.19219241533790388,-0.2958854868211991,0
-0.3195986538790207,0.36605581098285556,0
0.09733654510431577,0.2590924888026751,1
0.30301269702578026,-0.1674145763929814,1
-0.13579559234886657,-0.07257190133682762,0
0.11450633375726127,-0.2858654963505843,1
0.1916208566090455,0.32073815955293605,1
0.31408013509224353,0.26459908613790617,1
0.3474691098569326,-0.18095829465491775,1
0.30132415525710965,-0.3153503179293886,0
-0.12189686069278699,0.1561417216218376,0
0.12289712625128102,0.17257021324536892,1
0.015343534639666923,0.006624925837130147,1
-0.15494194997727223,0.006587443638974844,0
0.24786219226689554,0.16449761509024063,1
-0.20534625645490417,0.2751753248389329,0
-0.32985543509198406,-0.1579289235279335,0
0.12847514091578832,-0.33010893282052306,1
-0.0779820331206107,0.19796682349400985,0
-0.09010507290490327,-0.2635127036356032,0
-0.1664759819495216,0.2505918526499912,0
-0.24184515331941966,-0.17802342334920987,0
-0.18856570325778424,-0.2561627474527006,0
-0.29904912952882473,0.19732268621975457,0
0.19815087510565776,0.3602812838895657,1
0.18247632476203446,0.11668028683340359,1
0.12325571298352994,0.23600664597255328,1
0.2578090159988742,-0.012587625996221707,1
-0.08895225658055861,-0.05077588115406073,1
-0.30696799896595073,0.004763663271010743,0
0.1806506596993902,-0.1582208341933992,1
0.16110473941173198,0.12321756465604716,1
-0.02031280096781557,-0.27751614295183524,0
-0.2388164874253349,-0.3615427353310803,0
0.015362272177862624,-0.3352501678084388,1
0.26764617241197575,-0.05335821179511263,0
0.2796819350760418,0.3349605066375101,1
-0.04594818067488432,-0.1958310942304829,1
0.18792511242333731,0.27469671250342975,1
0.12674300574537412,-0.10154384911475528,0
-0.21577546313274987,0.15369200647766712,0
-0.2183413972055127,-0.11804815910704136,0
-0.024341793637528752,-0.3226774752496299,0
-0.08690742163461074,0.2777017386420365,1
-0.1792824665910365,0.018680322417863438,1
0.19860340628380269,-0.11723167243200044,1
0.0007593838665803654,0.15436873780160254,0
0.2840419679507119,0.06413634665833856,1
0.09030812074481959,-0.3483252446774911,1
-0.299152874298765,0.2763763788428163,0
-0.25721726772902104,0.2548461032126421,0
-0.34294043665693436,0.058110074448354976,0
0.13264719180893997,-0.38012002628839836,1
-0.2932228322914337,-0.27170739054984,0
-0.09966870954647089,-0.17734174991689874,0
0.015485831578372189,0.33556284160600514,0
-0.2810067339445453,0.16332474931557917,0
0.3261917580176381,-0.08773803266622571,1
0.14527112476759618,-0.11364485124865037,1
-0.02791664074391681,-0.14758138761315726,1
-0.34193304838608674,0.16412487147828614,0
0.22040232105279445,0.02641576059794959,1
-0.22459088335223767,0.18406163879613402,0
-0.22216603326207446,-0.36449474497381545,1
0.001991104069650862,0.10212769680073319,1
-0.2862973980111737,0.15385818801808426,0
0.04361237565611853,0.34616252735165365,1
-0.1856137289130898,-0.14638631607384112,0
-0.2117493955391464,-0.10763865759279662,0
-0.12008113338536727,-0.2839178493971575,1
0.2881950498561011,0.36840209029670545,1
-0.21909833444580398,0.20084247148252188,0
0.33495766616903844,-0.22286817271108897,1
0.31914391132335296,0.3001630092268496,1
0.2871503389926714,-0.2353711644349506,1
0.029905092889604412,-0.3350559763877593,0
0.2991892699125004,0.005379839441472523,1
0.05473912536004577,-0.06377181319232805,0
0.11814860727503923,-0.18355058372982835,1
0.3246975152808761,-0.3172210556934609,1
-0.32775153101536203,0.16569808902076455,0
-0.18394009174777795,-0.2400722091570504,0
0.20325693516516619,0.03132244339876078,1
-0.28654217409706967,-0.294399743408839,1
0.18909336909285357,0.36603183379694215,0
0.06466196531847335,-0.13393509397582876,0
-0.3205102491355984,0.09746372997848385,1
0.11353592836590043,-0.33026501333758607,1
-0.2499671469564776,0.35799726090545303,1
-0.10031963703699395,0.03483803312835637,0
-0.2182919413277414,-0.22054362005561307,0
-0.3179710328494331,0.21039987008123895,0
0.05516458421468229,-0.1931992300827612,1
-0.12497187422466649,-0.13397281777930303,0
0.31823617301992124,-0.12747040771370005,1
-0.14151519545431474,-0.2447638672081192,1
0.2942587464657508,-0.21356319661820305,1
0.17291158148994135,0.15068950116136914,1
-0.2702978083701114,0.19723454312535293,0
-0.31654909792195346,-0.17594457806206787,1
0.000757007137534127,0.33679427965626074,0
-0.007206260909050244,-0.007960245285300371,0
0.26251559868364727,-0.29673734086027964,0
0.003582170373632454,0.02303475131045446,1
-0.2200254900458142,0.18710139345375965,0
-0.036779133610595816,0.23402253411579965,0
-0.01833142054922582,0.0249914545371846,1
-0.051860869130812004,0.24308395857733878,1
-0.34712995057759544,0.26462080259834375,0
-0.3376645645956044,-0.10935288016214734,0
-0.3157510640683043,0.13276543084696069,1
-0.03817828034562232,-0.2801237450522478,1
-0.3175455869214846,-0.3549241770965412,0
-0.34345524853988135,0.10690093863745809,0
-0.34603579962124004,-0.1690480612094244,0
0.2932547311306558,-0.037298497611009396,1
-0.02891007355565023,0.07737474446448561,0
0.21014178788507865,0.09999262648040502,0
-0.167741632096582,0.06102852078784987,1
0.11020765013386175,0.38217565184653957,0
0.0054655215253849865,0.023858741388972926,0
-0.31725510428610676,0.26341061672223376,0
-0.32859009886609386,-0.06298810070841387,0
0.11702674180006878,0.39937802754815843,0
-0.04305816666623996,-0.32158129660947177,0
0.15519947795465827,0.39598507241883796,1
0.1544509785245951,-0.3644956526484756,1
0.1306320546341052,0.0886375003732689,1
0.18477455749597516,0.3634174162098852,1
0.32719873117559883,-0.038736269043113836,1
0.1348580012266823,-0.2032964741845601,0
-0.04417801805163302,-0.3117967815955595,0
0.20805566680516663,0.3452535713094079,1
-0.19676818076822086,0.35734668330406516,0
-0.33559372089529543,0.2008422544149775,0
0.2138910955076806,0.07525210545466327,0
0.14979532299808235,-0.36038676988407004,1
0.07773629171489083,-0.19549748499284203,1
0.283451729519671,-0.24113321193132198,1
-0.20227222540585507,-0.23048411623471213,0
-0.043551704052417706,0.20497563567134358,0
-0.3318826715824498,-0.16716657359889509,0
0.1576064312770239,-0.1319434971835987,1
0.34130312743513636,-0.1434041405712949,1
-0.22353040293097792,0.22307149822899774,0
0.08606537613385778,0.3417871669539633,0
-0.13939927639326477,0.10541048505737527,0
0.33656751531952867,-0.2813241231822904,1
-0.22256804555444293,-0.09085752795557578,0
0.25225469625988395,0.3843325636659528,0
-0.14474419435799205,-0.33193315782266863,1
-0.20871990054845221,0.35100075518763674,1
-0.2926099070468574,-0.301271936119873,0
0.29702157961287146,-0.21041123093101152,1
0.1830929830222192,-0.1832273957654998,0
-0.12286220089362176,-0.08306752568651304,1
-0.32025998913302145,0.03209026875373605,1
-0.05517785487666821,0.13766019350515735,1
0.17623369699922498,0.2523708565432695,0
-0.0913990969353572,0.3182198276031988,1
-0.19077158794884652,0.03629584345799247,1
0.10072861124065458,-0.17486758276066308,1
0.22546779622613544,0.055680716567555966,1
-0.07421108634911311,0.20621682288437748,0
-0.13626641878067977,-0.25229170609173057,1
0.11734254483668216,-0.3058436565924068,0
-0.2435182657547868,0.2718835801916377,0
0.1006860815542237,0.04810324140477579,1
0.21700605702010722,0.04965570049057122,1
0.34618182453748303,0.3723166222858708,0
0.19036571789143608,0.2787713379866158,1
0.11844492179250937,0.09622048234302649,1
-0.12128500059499736,0.10399316198007136,1
0.2685848425405397,-0.3882018375110427,1
0.18277592214691352,0.14462933807478429,1
-0.12339253709760342,0.12087141346388819,0
-0.10094399091237685,-0.384728097452914,1
-0.2225753804245799,-0.24729915150683945,1
0.2318467673765381,-0.2597925647692825,1
0.2980286876262326,-0.1060970855349101,1
0.11380275829253583,0.265845855294623,1
0.2670315786389075,0.24077075997328257,1
0.2429241036732036,0.05930968096315653,0
0.021550216146204948,0.18327775269480162,0
-0.3123978818906856,-0.03511342679278978,0
-0.06793468967126132,-0.06962792021244696,1
-0.2678423463475048,-0.17061016820410205,1
0.08085312792426119,0.22380766382537665,1
-0.10968606373038131,-0.2397372809831377,0
-0.004485296586953458,0.13392214269111347,1
0.1374016839293497,0.13394390240069387,0
-0.041114973862903026,0.12553544557604568,0
0.07630790125374742,0.043269359428127374,1
-0.24776411651273628,-0.28402581095051094,0
0.2853830907853484,-0.29376554623897766,1
-0.3357254487182439,-0.172931297861882,1
0.08469547922924348,0.13528270894989003,0
-0.19954221924917254,-0.3162215661408757,0
-0.286486480559434,0.1109141903333587,0
0.22206944323263111,-0.31751379190626966,0
-0.23212093437685433,0.3246454516249624,0
0.34804820699661776,-0.35993714509486385,1
0.3445002460150306,0.1901390169862358,1
0.028347913885438114,-0.20617929580691297,0
0.29057970724713933,0.2533473005744352,1
-0.24255339151504085,-0.1712802644850255,0
-0.14921378208059333,0.10641846265997279,0
0.33286506142134153,-0.17707794380123093,0
0.14573582507461685,-0.10243273990965207,1
0.1502263088089001,-0.11476849798681982,1
-0.15517397191338367,-0.37159958154771344,1
0.04569799165831595,0.08125183286927828,0
-0.20684399821344782,0.16206442992767278,0
-0.14121023242525685,-0.34761474983980034,0
-0.1820670353088843,0.223682525117321,1
0.1480578127349993,0.025072448353010368,0
-0.2944920620436407,0.3424618283571885,0
0.16934193912335405,-0.04989323012868929,1
0.10148360439413595,0.3189803548346639,1
0.05506497210503075,-0.2062897448267531,1
-0.07241346602108267,-0.07285093111592805,0
0.2944197169805207,0.36236896284200504,1
0.08384857911967308,-0.12086239890364164,0
0.06724514306921348,0.3580704105697462,1
-0.2747522490807763,0.1749572113747243,0
-0.16898954022555385,-0.21157138525410418,1
0.3273893110539645,-0.2838159485883763,1
-0.18932692153950537,0.2440939377425,0
0.2233092865458154,0.35759881862767007,1
0.2818159463137653,-0.36194590039965235,1
-0.27259629354043446,0.019925541303948968,0
-0.06972392946916806,-0.05135465626404451,1
-0.12196037697123416,0.10593279877232187,1
-0.09562402402663367,-0.04556520626676114,1
-0.2974268115421554,-0.22093548909477337,1
0.2304710200561576,-0.043108091569976636,1
0.30953108495841153,-0.2663629778890229,1
-0.10568755555000792,0.33790413522610285,0
-0.1613647772750318,0.1632439907169243,0
0.19519153503699027,-0.16074459535071473,1
0.005041977039098033,-0.3529242186593365,1
0.18648047095546172,0.09421375692127454,1
-0.16535944302561306,-0.10781383088374547,1
-0.0472568749273673,-0.2829374779757921,1
0.10237990389650214,0.22304720677509404,0
-0.1282643435051409,-0.015725619247951905,1
-0.26192497313434293,-0.3979429201852418,0
0.23867086460553,0.3604347350910536,1
-0.15777510136719095,0.2418865848283207,1
0.09660371220557334,-0.3599939166717354,1
-0.2072399163153767,0.22193963028482577,0
-0.04911766347044938,-0.25272048920832935,1
-0.04214704489471527,-0.04265241407970555,1
0.2007100681774998,0.3349063281891188,1
-0.14074511063741924,-0.04857278248830654,0
-0.0124169762200812,0.2753764663500742,1
-0.06963268121418503,-0.2610076173369701,1
-0.24241968534661318,-0.30581577144290506,0
-0.03719911327363523,0.30996178137458297,1
-0.12277948931122731,0.28687336392347684,0
0.0737214626902501,-0.26302552186642975,1
0.21427337198637053,-0.0781870568001205,1
-0.16905286027599828,0.13830546495757168,1
0.04373983021822553,0.33687963179065283,1
-0.34193197760668187,-0.2948501118747636,1
-0.06439913264755986,-0.09113340605470477,1
0.33067040298186623,-0.07347998870807199,1
-0.25874223088681136,0.2165705273016585,1
-0.3420758755292221,-0.3039922638438188,1
-0.09897326729608885,0.048262216394589164,1
0.05545309541233684,-0.28752273058686595,1
0.2867676442801802,0.2848543663236146,1
-0.17540942922030614,-0.15690397078081483,0
-0.1072798403064793,-0.09477499510536402,0
-0.12554988915463894,0.39093339960069196,0
0.24214987184493453,-0.16850258985829847,1
0.20748771481528483,0.35510480175126224,0
-0.086627841864088,-0.3844520982438806,1
0.20450018677147574,0.029104489267219258,1
-0.33281642613510554,-0.23593877980781236,1
0.06280005667248623,-0.3845545289260974,1
-0.2505874478813723,0.0444424218279737,0
0.34718637792755525,-0.13203966993897132,1
-0.21755007869731596,-0.028498770188812028,0
0.11071215630866083,0.07182324755987246,1
-0.02564116395582111,-0.051578197729131414,1
-0.2016173326980224,0.2643763569915003,0
0.22776217119533448,-0.04289144258296951,0
-0.3470640842474395,0.17160415850851118,0
-0.03563842124216349,-0.2345852159756291,1
-0.039396066661897544,0.36865122655529603,1
0.03194860987331671,-0.19389826263824342,0
-0.3131332954993848,-0.2514958524725138,0
-0.2765192218404991,-0.009568840416823488,0
0.22598038121380026,0.03367210115197511,1
-0.3307314212426281,0.35211422155619854,0
-0.1056757679650995,0.024386744147590345,0
-0.19488462557030156,-0.11772819429800468,1
-0.3246881559740069,-0.05439628609891056,0
0.2578617904255218,0.2686074294350663,0
-0.030396943066620385,-0.19335938084336474,1
0.2719024310090141,-0.27536973920042584,1
0.108930969329333,-0.3090632344768729,1
-0.3136165863557284,-0.26764124132432876,0
-0.00868776053728959,-0.36905821707959047,0
0.3046460917475755,0.13140706527527302,1
-0.2534674758434623,-0.21559456064736562,1
0.29459993468606016,-0.03286220228436976,1
0.06806488414379813,-0.2637702652555125,1
-0.3145948617850674,-0.11070168283756765,0
-0.0560413942557878,-0.29843995784543564,1
-0.18844795827686356,0.243406442500252,0
-0.02736956977414523,0.19729016143416944,0
0.18255519275864074,0.13656154795187425,1
-0.07626735775274524,0.15420704389503226,0
0.2607460624335597,0.37075136646737794,1
-0.11241741157760143,0.11290232687931057,0
-0.2275616099111039,-0.37362860293562883,0
-0.31039122293721,-0.15260631379846626,0
0.29663152333125864,0.21107550175267997,1
-0.30769924377808355,-0.08236823592708725,0
0.04333761526748686,0.2644043977916284,0
-0.07276667338336373,-0.11464453871164837,1
0.32526526335346795,0.30833576879127755,1
0.092830189028763,-0.1261277150706625,0
0.31099336861281024,0.32129519651978966,1
0.028313441841507803,-0.16977824220926374,1
0.26773844505223465,0.08591939582525321,1
0.3303738048258289,0.06817486541064427,1
-0.0037076490972366427,-0.2584996401486471,0
-0.08194265296619901,0.26596930003871344,0
0.2059904283230688,-0.1368296649112325,1
-0.2212340981804811,-0.3113326307661171,0
0.2414331200627502,0.2879043759252856,1
-0.0315735745782047,0.022642045762739482,0
-0.016503527227193504,-0.059291661335048595,1
-0.207006179838391,-0.19882494616519245,0
-0.04090695912065517,-0.19115487545283605,1
0.12855414642748236,-0.21782725689552482,1
-0.3345216975690336,-0.11046230090687204,0
0.33753579187373495,-0.11208852919838036,1
-0.17518622173033954,-0.08445601599424118,1
0.07765471231139864,-0.28487377883233606,1
0.1534530462673681,-0.1540821458698094,1
-0.0892935036048631,0.33425929880062777,0
-0.3405029021683568,0.001495969201911529,0
0.09060097083438268,0.28493889576298936,1
-0.19605966655993842,-0.19247190961761423,0
0.34151213905072264,0.33166891159807566,1
-0.1875700605353609,-0.1563987253796169,0
-0.08872653557954424,-0.28133703199136834,0
-0.3063222217004704,-0.2921412310978131,0
-0.2558393111095826,0.007360467373171253,0
0.10428099868280849,-0.3238346176708653,1
-0.16179084031129667,0.14081618485003744,0
-0.14878607465483576,0.2973652695716923,1
0.15367994594282375,-0.010499577181133202,1
0.2323412743651715,-0.325047538561295,1
0.08387618335844976,0.1798536341734307,1
-0.09781356335525487,-0.1894636346988545,1
-0.23538343170582116,-0.09507450592200267,1
-0.07595894235643014,-0.16265681619175273,1
0.0638695604294498,0.280525543665746,0
-0.10116746786827174,-0.35105833476555537,0
0.10459294684839188,0.2903086540447388,1
-0.15829933098411286,-0.3625486382836153,1
-0.11227845781961751,-0.1827172999541273,1
0.15743677418914903,-0.17296712325496078,0
0.33537986458994196,-0.012048558535726062,1
-0.08682152624360667,-0.10928032009773408,1
0.28076404017390866,-0.268373843461704,0
0.02808302508609034,0.05789844745152084,0
0.29332226354711444,0.11351563331967163,1
-0.2814143381902993,0.16380764709119366,0
-0.18849041509548986,0.3781140182678716,0
-0.20169217300268727,0.14894460748391591,1
0.23884031536165717,0.28766769174450524,1
0.1550713597577823,-0.38497831022531526,1
-0.3338955610039748,-0.20305910354185272,0
0.02701245152865278,0.03407111249822126,1
-0.17062309907499956,0.1875502300783134,0
-0.3053168011385977,-0.1282777939980484,0
0.14879115258436593,-0.3676783571305662,1
0.32412408176978647,0.38371567101667514,1
0.09329189115006686,-0.35458328393134275,1
-0.26055820363124305,-0.0578369397818449,0
-0.30878338734487454,0.2172803442381891,1
-0.328518750362,0.18540775869329484,1
-0.3417216166774177,-0.041524715807559065,0
0.031152267683344892,-0.3504247722083159,1
0.1451120976318297,0.06165016348521235,1
0.03389923897421748,0.07439130148490902,0
0.21559578535011015,-0.08496972022177174,1
-0.11793351793990356,-0.1517299903343095,1
0.23816615786491047,-0.0750744932907853,1
-0.12008537236760178,0.07817890408076122,0
0.130591648518316,-0.2773067358023716,0
-0.15185528140920812,0.3396151402315042,0
-0.2808393445608415,-0.002723063434809714,0
0.3367226180173637,-0.2922968643876256,0
0.013672360097771452,-0.044151383921001375,1
0.2394676298846442,0.16250053291774935,0
0.0924814533840605,-0.03593623243996891,1
-0.1820928273153878,-0.01697095949681182,1
-0.27977004619695445,-0.08379736023416795,0
-0.14084074367457577,-0.20832470890129706,0
-0.19423402263952463,0.3562955579240502,0
0.3019745727876475,0.2614815376673446,1
0.26349033124541354,0.22772668713775934,1
-0.31215145092098256,-0.22980207636558028,0
0.2732943513912195,0.044231474433912954,1
0.31736159417025245,0.22517489319497086,1
-0.2905427549360027,-0.12546759358909548,0
-0.08554900849867797,0.028562193950963988,0
0.23000093989550208,0.27342488583316227,0
0.32673868444924525,-0.23026876803306992,1
-0.3451166760084507,-0.31187931146576003,0
0.04754929945756803,0.2781438962313958,1
-0.06777294415245722,-0.1508854964222297,1
0.2580749482418443,-0.12021064041275276,1
0.07587696178197173,-0.0724974357897924,1
-0.09739317925558,0.09320431477001428,0
-0.040243073980418764,-0.2808464095249257,1
-0.033771917973677235,0.0003416867210360719,1
0.3338058802015129,0.14649039323479796,1
-0.18375417758920976,-0.25438238754648723,1
0.16908476653678983,0.14767526853679347,1
-0.287781906124284,0.27867462286333,0
-0.29907468516242364,-0.2764359683271628,1
0.24409072442752244,-0.30648093417824634,1
0.28175158877344375,0.2141723448664563,1
-0.3134678151025707,0.3689851891150665,1
0.11056956699460552,0.28809280705760176,1
-0.045633651778691,-0.17470604259745948,1
-0.23818048674922607,0.3449321779476143,0
0.09325449380746903,0.054111896196259945,0
0.2365925283010576,-0.029291506424166946,0
0.15859300918094477,-0.35621690109734533,0
0.0013741814153436782,0.05198346545007021,1
0.33226203855823644,-0.004245814938721171,1
0.22864502759895555,-0.15786789360074335,1
0.026939254902376142,-0.32337235049885626,1
0.2847089068754741,-0.33939966995156334,1
0.2199691598246981,0.12891430595482467,1
-0.22809687508056942,-0.10653038794769881,0
0.23661357344701395,-0.18665072787518566,1
-0.1333671508531929,0.0242629039216114,0
0.2586088350429594,0.31584051950534064,1
-0.28240612209967203,0.2584108615222602,0
0.23435753019015204,-0.32296220675677284,1
0.2542317226780062,0.008626644059834543,1
-0.16673541434208436,0.39030895952009503,0
0.15347234314506686,-0.0660070650301397,1
0.16693496926998708,0.27116272249970863,1
0.07790205724137483,0.1949908100623926,0
-0.28482216174331443,-0.22010120064379085,1
0.3016060565916644,-0.11524903007251103,1
0.2794186526512634,-0.12488657404902498,1
-0.2395871033742602,0.16124644695769175,0
0.12517551179066105,0.05307224575603442,0
-0.029109659010730315,0.08796812970679896,1
-0.14073976684220588,-0.03338151889041463,0
0.1488628619145692,0.3435710427427733,0
-0.2884112278377852,-0.19541593892251274,1
0.3117254441117413,-0.00017910947240223907,1
0.12060036256149204,0.017235528212712292,0
-0.1219908579423701,-0.2562095547666332,0
0.15070487290780754,-0.23472949222035427,1
-0.0854236322366057,0.25745611622656206,0
-0.18310412955071112,0.07125405084414227,1
0.034931016510915236,0.35377966526823845,1
-0.07494222707512882,-0.3391450879422382,0
-0.20175842806640373,-0.15402386139027185,1
0.12682943214765724,0.3422908367549786,1
-0.12071945713139606,0.056836969059188114,1
0.3463241135104367,-0.022540457530324964,1
-0.2096717703112721,0.3192183932624223,0
-0.3474646565230923,-0.2065410760981985,0
-0.12543061530107238,0.21886964254237928,1
-0.17258149115117852,0.10250550068452002,1
-0.14558303296167827,-0.3265747207496437,1
-0.06912088867313876,-0.08148165517832096,0
0.2963772750011068,0.2767033911539093,0
-0.17126503687616185,-0.384029144424441,1
0.3013216753173976,-0.23261395531436957,1
-0.032320250093314296,0.2247632321527061,1
-0.23512462061695982,-0.31530526752199767,1
-0.2153990912403878,0.29236614895774327,1
-0.31607899402379336,-0.2876303742265413,0
-0.0931330990593136,-0.36568024050988923,1
-0.23529604607595933,-0.008219355390531535,0
-0.22909640911400295,0.3106423693991286,0
-0.22840293149101254,0.2983667727113002,0
-0.20061034622980406,0.3390986130146245,1
0.0711777148502824,0.24468800856523387,0
-0.3359655610522089,-0.3033880862909146,0
-0.14074987177404252,0.39367246050576676,1
-0.30093594868601226,0.14434374702935426,1
0.1378755771678662,0.2633867221862737,1
-0.10889998754306743,0.2004881476781376,1
-0.3004268580278205,-0.002636477435738971,1
-0.20218646109183705,-0.07874279168848936,1
0.057146839350299294,-0.10774936327186391,1
0.3426247239520396,-0.163770394837879,1
0.23562086948710614,0.017801466000477717,1
0.22273851918572052,-0.0032406360665543366,1
-0.31044941082915833,0.31744937796893746,0
-0.3265778414693379,-0.28790000334940474,0
0.03707224226617617,0.1894022049415126,1
-0.04420630648808105,-0.16523945904617526,1
0.11130767296706917,0.22437314847563505,1
-0.052026680114294066,-0.12825967014264528,0
-0.020588880504267104,0.17235482912010036,0
-0.10834754762114071,0.04080460682730125,1
-0.14469545260530048,0.2580773657235894,0
0.026155757755891906,0.17864301696049667,1
0.2402577811380987,0.39806198997827436,0
0.2502920394800522,-0.25281160643071854,1
0.2025330852315952,-0.34295005208018997,1
0.12810416103010092,-0.30871795444926875,0
0.26990983293755455,-0.13229917518941248,1
-0.27003829834273163,0.02241105421851114,0
-0.2131699274555126,0.3906595477991156,1
-0.15076638404420173,0.14885904961719354,1
0.19483110411205462,0.12905749618774043,1
-0.0694410062018882,0.3497958665586257,1
0.18140572970745217,-0.2572924541810939,1
0.25264365823726687,-0.34159415044438585,1
-0.2834495143167468,0.2977863447642437,0
-0.293643506337077,0.2746801000055046,0
-0.22985221669603395,-0.20059986159941517,1
-0.2243137628340944,-0.34390917575379876,1
-0.07393379987038878,-0.2759993208309018,0
0.03888004198674361,0.0066202827756745575,1
0.047118665695112194,-0.30152324996772006,1
0.27538568378636374,-0.1324210959087277,1
-0.3037015712326059,-0.37115857438525235,1
0.11692308914112032,0.20797358089381124,1
0.13433472590724832,0.06917737354974085,1
0.29563393289395923,0.16617678836505267,0
0.2184233250305634,0.1073784861483662,0
-0.12443205096166005,-0.2994051582983643,0
0.00827706169039022,0.2980962732293908,1
-0.3421049955493509,-0.2992785743832036,0
0.16790655627919682,0.2092188475315282,1
-0.2316897732667671,0.008110391455943389,1
-0.17278206136017077,-0.27043011374980824,1
0.010978326361280433,-0.29651723290280174,0
-0.1453193304115771,0.03565358530002688,1
0.2673965332238768,0.14603743238785116,1
0.3274256706168478,0.3872243124080791,0
0.0355316809618072,0.32918583208228,0
0.3389549557723611,-0.24556469012385104,1
-0.07741903709031606,0.20321690431887285,0
0.1552513892808538,0.19655539680059997,0
-0.03209136999446216,-0.03211554253671656,0
-0.16387494296290445,0.38521219182111976,0
0.023155174659563404,-0.38354650340919555,1
-0.03062945419692681,-0.39506963480564006,0
-0.2893645387014692,-0.2637964742263913,1
0.282402434191492,0.31719679535081924,1
-0.2576195304581656,-0.12434011428803576,0
-0.08206647119992949,0.0029944210106275237,0
0.08449512943682114,0.07569201830583772,1
0.31664693839026925,-0.09100503593493514,0
0.28004718637010784,0.029867878154496375,0
-0.04668305438264864,0.3291892085753124,1
0.23834929351612488,-0.3125158221724544,1
0.2709571677372361,0.13867867995718353,1
-0.059031854141384066,-0.22215098897355798,1
0.3134635657971381,-0.35037520118320575,0
0.010695698616488947,-0.34831341411846417,1
0.3029022229784366,0.09774011268615113,1
-0.19862272470102665,-0.17992737059529207,0
-0.2585559065584111,-0.17085189159505695,1
0.039589052135779235,0.0057806496757294434,1
-0.31398444603973785,0.07098282687201651,0
-0.21199825816376555,-0.022465177773014655,1
-0.15765501546732,0.2829595808625286,1
-0.1370517745461433,-0.39120615509706014,0
-0.27676742181520747,0.08445591713649997,1
0.11346157817071967,-0.37363815645045134,1
-0.334086044410946,-0.0017722196304851279,0
-0.17272458196430085,0.25975059524437416,1
-0.19654736259918043,0.33163652484186956,0
0.006237439208681139,-0.14672990834564648,0
0.16687541052325883,0.3721981131715867,0
0.2688664238322984,0.026317331002757682,1
-0.07399371161504759,0.27435236788320405,0
0.22030367007858886,-0.02802100922096401,0
0.06628857116884868,0.0807477719007556,0
-0.056784373610411054,0.2548558628202515,0
0.28365963498245683,-0.1855758520057661,1
-0.14281475796310875,-0.3063725008203399,0
0.008235061137491118,-0.35306733385743255,0
0.294547631268564,0.2935577414885685,1
0.12236293931720671,-0.1596035582787379,1
0.02245809836075796,-0.32750985449392495,1
-0.03574840221018866,-0.04701573894437239,1
0.03248713550508442,-0.24288926331309144,0
-0.23713280363363703,0.3414415879897027,0
-0.33585945574922926,-0.020135281856782705,0
0.0036347439300620232,-0.12426622345684679,0
-0.019737674893181567,-0.24010349896352023,0
0.27855424551636454,0.17594560744283727,1
0.02041632025153245,0.24492768505815332,1
-0.06848817402441665,-0.2196815383917895,0
0.2587484043244078,-0.27163787421731983,1
0.31337344898645847,0.1933370062790667,1
0.0667279685821493,0.19677026552380839,0
-0.1697138830384555,0.39264413678286825,1
-0.34690827115840034,0.16665950237969995,1
-0.3072015477296662,-0.3489965070299446,1
0.2025379642712447,0.024779566195546998,1
0.13508157210068938,-0.24786842260649894,1
-0.06191864805233621,0.04145064916268415,0
-0.061364786641423086,-0.29083277765011994,0
-0.05390627839413098,0.13748227835749183,0
-0.304147207938187,0.0043098909550328135,0
-0.25220228812665046,-0.14361685295228616,0
0.16750232704202794,-0.27239275976346367,1
-0.08509571807706495,-0.02234797948346695,1
-0.18399070819588376,0.14866237767925328,1
-0.2593169541288555,-0.24218107394151797,0
0.043518509534849925,0.13050882765763905,1
0.03141216784201473,0.22823393866358843,1
0.12726637594858786,-0.26177664671557055,0
-0.32917420232519007,-0.17191105511566712,0
-0.07988374126939285,-0.21733090540136005,1
0.2453197447758363,0.3298840259183058,1
0.014306232106935823,0.1492847362068057,0
0.2796037306003908,0.3969224150028917,0
0.3461515762523566,0.08029746954184686,0
-0.03207637978695288,-0.3717515967992516,1
0.1164218256430396,-0.07026732971703398,0
0.21405470481776556,0.1286937758174802,1
0.04824039474519437,-0.32796751707441363,0
0.33166685704171706,0.1631830925611245,1
-0.019330395137198253,-0.2079002918472299,1
0.2054664178276011,0.3073636298153014,1
-0.34135740774270773,0.1586460127293482,1
0.2120141676966354,-0.3170964360704105,0
-0.1526242986999818,-0.19546287477223487,0
-0.01660747976397231,0.3762680000271309,0
-0.035562150549431404,-0.15172854538979053,0
0.32070840834069614,-0.25098958204660926,1
0.20296169982777867,-0.2903310874557927,1
0.14624226603722573,-0.02403441308421783,1
0.26920182931079495,-0.17177439665612815,1
-0.30498614721829775,0.29174951498050017,0
-0.24205661654461164,-0.24957830017665072,0
0.28944068281759483,-0.3279111618391395,1
0.23636768667367725,-0.07690386648895675,1
0.20130597991774368,-0.1931337806876468,0
0.08885091202117867,-0.12283442198612254,1
0.1895333666600153,0.10987461324853942,0
-0.12750468548819158,-0.2984733701511476,0
-0.07283978004540886,0.2551194408158154,1
-0.18865612660292627,0.22471247035838027,0
-0.0749105961998286,-0.07458252096888379,0
0.2569418907714671,0.177461396879678,0
-0.12330991877360653,0.2188425544108108,1
0.10457757140991736,-0.2289643036239621,0
-0.16748315581118878,-0.22659234846763834,1
-0.08166033868361045,0.09975027686060634,1
-0.3120559667123175,0.04597988967288086,0
0.23037054655077616,-0.0031166639770376925,1
0.005841987348935984,-0.14220927603668237,0
-0.3300861126250393,-0.07610570452461235,0
0.17474611048488364,0.15839662284185796,0
0.0713493895555718,-0.06411962358934276,1
0.31591224738143364,0.3362283301444081,1
-0.01221909329934412,-0.3009305123790165,1
0.25605906116486965,-0.17451736888723268,1
0.29960953245254407,0.21657696810010063,0
-0.12040618069558809,0.35325827877992155,1
0.08807332836696369,0.06226267888894521,1
0.2017892777884983,0.11167542091364802,1
-0.2877050806372669,0.30237552177748495,0
0.08327968322026486,-0.13973667348707713,0
-0.03180948703022757,-0.19195741562616117,0
0.11133444178819901,0.3755350560815528,1
-0.24775128870086416,-0.11858050164651274,0
-0.26317264311439875,0.3574461480420149,0
0.28942966988119057,0.1361608052753871,1
-0.24130407711404706,-0.06437827712842015,0
-0.09010600495729854,0.14893114873715418,1
-0.1142833075806306,-0.2855083708183779,0
-0.0936761577223138,0.06297710943089002,1
0.3317430431082631,0.3026530783059944,1
0.22577842509092816,-0.1873743207176494,1
-0.1019308005624538,-0.10433162618855124,1
-0.1328926065040709,0.3201132145354131,1
-0.2176706435998655,0.08364346282342006,0
0.22198367709861477,-0.12249119722847496,1
-0.20578549813478114,0.10134780936022614,1
-0.1942488759600126,-0.35484860831092063,0
0.30207376466699254,-0.3190693308458619,1
0.1219490944795456,-0.36878339023516793,1
0.061892738588133545,0.115874725687375,0
0.3316452795176351,0.29875285393368667,1
-0.11340544720553858,-0.004754543451249926,1
-0.13055938224285984,0.13611282076654485,0
-0.3217863207521175,0.3698627842911426,1
-0.3034169037542801,0.222930977198891,0
0.33412043395028945,0.30460191288791716,1
0.2755591190948381,0.015243493203955072,1
-0.13802686883106824,-0.3626127597480287,0
-0.32533277262987775,-0.102740426490253,1
-0.14339745188195357,0.36492213800526674,0
-0.07635122605519046,-0.22555545529350454,1
-0.06929239128390219,0.33028355630539197,0
-0.25077659740985986,0.39092637680108067,0
-0.25413737280628373,0.32863002086731186,0
0.3493141704105479,0.3268066729090864,0
0.03359767207011222,0.39102689173870353,1
0.23606850513372313,0.26322864373322075,1
0.2712303741966233,0.043382665109150675,1
0.13847311583769434,-0.037358378661476344,0
0.1365252670777602,0.08801053115679575,1
0.08037066898299383,-0.20821836812375896,1
-0.20064998422628832,0.3484383802759101,1
0.16478515193208643,-0.049769019559911754,1
0.25811959230109527,0.15111194557661178,1
-0.3454108635054634,-0.06862385328481935,0
-0.2157980799088785,0.05008138718108013,1
0.19958512042719467,-0.20508540102697312,0
0.19517415220907142,-0.22425835382373008,0
-0.3452752867718268,0.0017356564317224654,0
0.030771430710457237,-0.0814878181841564,1
0.17648473073118065,-0.22147658286523875,0
0.28979502914548183,-0.3345982022212825,1
-0.3109695240570958,0.34697025514984003,0
0.09624547278433043,-0.3631872684589887,1
0.3121635509222802,0.05628572559888578,0
-0.04157481788037992,0.21881690180295255,1
-0.33740601598480474,-0.030964079204646056,0
0.026148037440542504,-0.061965090026249225,1
-0.07437679994032026,0.016241748352408436,1
0.06562201868432288,-0.17345557911789014,0
0.1332237545306268,0.2173007132662751,0
0.09121208726133467,0.23055949055247393,0
-0.17730270770275225,0.35196542940507525,0
0.18172418587186345,0.31704680512100103,0
-0.11096650802770552,-0.30245899490663614,1
0.04919796447720187,-0.040278018463493936,1
-0.27788361757021207,-0.08166653052151956,0
-0.19833370866724498,0.2893582445249576,1
0.051788493169325156,-0.342767926784909,0
-0.14818463352924097,-0.39788757160644894,1
0.11720874612281795,-0.19371020515587434,0
-0.027497656419068428,0.13737066976105017,0
0.196954742323194,0.313291629739595,0
-0.06456141310450009,0.29633857325232527,0
-0.1530164540087263,-0.2914645313214842,0
-0.20722163103911606,0.17607223428093288,1
0.21296183028845006,0.28844729521475454,1
0.14349830914739742,0.34749342531375427,0
-0.2565958013781733,-0.10815287827899356,1
-0.13962448267509894,-0.29534585014481957,0
0.08720132564770283,0.20129231409835846,1
0.276959555454389,0.1349434676950768,0
-0.1239545449886914,0.006182265906201412,0
-0.328934042058928,-0.1812674283262533,0
-0.3288509063939481,-0.19702562264773144,1
0.3247293454776504,0.23664269509424896,1
0.28135310602699903,0.18628601309825288,1
0.30922208164000087,-0.2535724179084281,1
-0.06450570110120168,0.37599749926253845,1
0.19103000638867984,0.34450046876408247,1
0.05681024070002327,-0.35882080051491,1
0.2503806436152002,0.11316097416970394,1
0.10360806764347763,0.08396729179581336,1
0.2965018896038425,0.3078260788575995,1
-0.29212919472672877,-0.22649995099052156,0
0.3024592430460479,-0.19485711795427543,1
0.04897095236928806,-0.017041339086099228,0
-0.00023117637743297337,0.1527912007076806,1
-0.20253052183523845,-0.3141637390549695,1
0.03456340758874582,0.0480556756368089,1
-0.2918131389937656,0.038480874486779115,0
-0.11124001043806989,0.1978508285567211,0
0.09065285913961141,-0.1415870153026334,1
-0.18358756292054185,-0.39998304740469176,1
-0.21611060534214457,0.3650358318755855,0
-0.31448690781434785,-0.3986622466526047,1
0.0618942758029854,0.3954158282731156,0
0.16116903487313028,-0.22165606670808977,1
-0.1044422407138906,-0.2651230537965108,0
-0.3209810117850784,-0.09086797942081348,0
-0.16592410283624986,0.097752571162596,0
0.1918353516995286,0.159577426246459,1
0.25481002015094456,0.39143878332913806,1
-0.06752308595820328,-0.06330896279610682,0
0.26250877801609274,0.19357350792549222,1
0.11557843466220113,0.2352008922698643,1
0.28877355625054935,-0.1506980296155895,1
0.19074317296257115,0.3688734014386589,1
0.24743477979086448,-0.1699523787775343,0
-0.14452822299111617,0.27653733106215383,1
-0.22355979563307948,-0.27429760150455285,0
-0.31362387788112245,-0.1952660399351669,0
-0.07423967945323134,-0.30283796317667006,1
0.31286985159062597,0.39761633417858067,0
-0.010624342752664107,0.02273749753187121,1
-0.3141310073802038,-0.28453000082977686,0
-0.17501103588724343,0.34914566184813134,0
-0.045700066655274374,-0.20661367221358554,1
0.2845813268113899,0.3727081589643755,1
0.1691740655774302,0.3317904734397863,1
-0.31516281629868503,-0.302532919641046,0
0.01164598649299936,0.34145522869358114,1
0.12190450337535413,-0.11044133675629125,1
0.10603740764939734,-0.39083295741880486,1
-0.08808418850468885,0.17213954746404736,1
0.17213243247272203,-0.27648153133013925,1
-0.038172727227018366,-0.11776991384232594,1
0.28083867101099846,-0.24694165961211897,1
0.2838168754969691,0.2955361673537398,0
-0.31241127748431563,-0.12609988276762146,0
-0.0909245409197425,-0.15393221662077236,1
-0.1781388812710246,0.14657724645084202,0
-0.055917606755224836,-0.17621876996521435,0
0.1316107450457888,-0.013893384472338455,1
-0.02426724146530812,0.011122016074755159,1
-0.032201813285022585,-0.06474416158533963,1
-0.2793028617179866,0.3143463294949802,1
0.3295526154791656,-0.11997099832439223,1
0.27550033105756533,0.12315388929358106,1
0.265984539717285,-0.14927095081352082,1
0.21395266484346087,0.3368042715687184,1
0.19779514177033308,0.3312422065726959,1
-0.23764366856095454,-0.25256143293668976,1
0.12689855384394594,0.2240582595759424,1
0.06707957543315629,0.25442133451933324,0
-0.10927300091553768,-0.13201149912854504,1
-0.017719896139948788,-0.33284983957873937,0
-0.34591461794490946,0.3030059784811153,0
0.12546472916035756,0.2647585141921599,1
-0.006508534506390551,0.26571515670362345,0
0.034435821280400625,0.21358156581514043,0
-0.11257660880708228,-0.18712843086785222,1
-0.06672893753840314,-0.23799876871431885,1
-0.26522548414701586,-0.27790728745062215,1
-0.2164356782467526,-0.16932677057746198,1
0.04876451242059365,0.2596209928715346,1
-0.2367612927123922,-0.3576358015492531,0
0.08802989352346302,-0.07801012116304262,1
-0.2892160906351308,0.17126302117181402,1
0.1784570654396046,-0.35134723969820575,1
0.22611984890750847,-0.3888911890281681,1
0.10263390162376329,0.31566445073958704,1
0.08080316932895659,-0.2404469309792484,1
0.23976459228558278,-0.390341020450765,1
0.07103387270715295,-0.22106987405217382,0
0.10777234408449277,-0.25045720905239827,1
0.28912645789967384,0.08520921027714506,1
-0.33077787891343186,-0.1779064124210099,0
-0.11850354410931724,-0.11737086894440946,1
-0.045442878139340837,0.32775814417185367,0
-0.05003723373585384,0.23157936906623744,0
-0.09179201816569532,0.07738426308014512,0
0.17887837022877018,-0.06755105377804094,1
-0.1756992897710061,0.3554070542980029,0
0.28147884257725053,0.0648841169195446,1
0.29692493844266865,0.06448887890460642,1
-0.043327336823507534,0.32585008332602394,1
0.13919258989086186,-0.27653734969140525,1
0.19907172601535483,-0.2603456662048285,1
-0.3395461614406704,-0.301381111774207,0
-0.18024334764241365,0.03384725926780696,0
0.14542839894809717,0.3989619836780397,1
-0.2932584474526092,-0.03659453863334611,0
-0.0026716283838473243,-0.3591850342963289,0
0.1332423468149665,-0.21049699300662425,1
-0.045752692480131474,0.36126442002407566,0
-0.19319295255138783,0.37210788360335056,0
0.15492888550144968,9.617553533780576e-05,1
-0.2004333712727434,-0.37332000413960975,1
0.08087624397651977,0.011798593275864744,1
-0.0430000634099722,-0.31189365156092164,0
0.1522472636462614,0.046008338350303546,0
-0.20903380148765044,-0.22821344815552325,0
-0.11651626868264028,0.15097259237942906,0
0.20937667023606865,0.25215517482944394,1
0.32896499072711327,-0.255006223344863,0
0.24649356775260856,-0.04108227130805603,1
-0.09012500086660313,-0.22372811279942306,0
0.019271278161965055,-0.3480923524370006,0
0.29383225462870377,0.24121730174814004,0
-0.25432084097798124,0.3574293436734286,0
0.049760785926247275,0.1561663275265175,0
-0.3245307188195886,0.16919716838674204,0
0.18792242800664405,-0.22774689269314907,1
-0.21214441227596648,0.0681411134385253,1
0.20445054130494467,0.022437049874650228,0
0.11994649908234839,0.3834644966815538,1
-0.23883988117535299,-0.07691403611786585,0
0.20013838258496508,-0.19958410516449154,0
0.19398692298218945,0.12869385480860518,1
-0.11400485914657607,-0.36532767902318924,0
0.2702647117450223,0.03341780896045227,1
-0.17611097663902356,-0.13986879644564026,0
0.24132154146666385,0.1443238448773123,0
-0.04889630066920281,-0.36333859705493127,1
0.24339298096685147,-0.31893477776993806,0
0.18905353922194057,-0.07727735238569577,0
-0.19780513777119593,-0.0861189326562265,0
0.25056434626731827,-0.1908471416170576,1
-0.1714682645271239,0.006702283436627543,1
0.06990778137181292,0.36478725485093766,1
-0.15548358719783845,-0.2144598981346813,0
-0.27827443896206333,-0.09004490219856454,0
-0.16740928335019137,-0.2839128705738734,0
0.1385914885192721,-0.3080865386035996,1
0.31402975236246145,-0.06822589026859582,1
-0.14136081657594526,0.37065620319780457,0
-0.049157692602013914,0.3511013262188655,0
-0.2987658639847339,-0.2615587312395567,0
0.2583800600258227,-0.09203177502063531,1
-0.01789626556886109,-0.06939560724571708,1
-0.1833022708224573,-0.12837882303115128,1
0.05914239166084406,0.28207126306089025,1
-0.0172620347411217,0.3340656346950398,1
-0.16425807698510617,-0.2331148922476242,1
-0.03803929924226046,0.01821889556386269,0
0.0376885736653495,-0.15243372260380186,1
0.12234827470595921,0.24215698257116536,1
-0.1653495652390397,0.22918417897732768,1
-0.14613970621587882,0.3840908478139947,0
-0.2818123319991206,0.37203778920736785,1
-0.13774143563826433,-0.043652304072571924,1
0.3333358582374676,0.2018178729423672,1
-0.04676647043855542,0.21402821537564898,0
0.0860581646606014,-0.2182745220769344,0
-0.2254724458457516,0.13547548324093384,0
-0.12112209868536197,-0.3065609341050706,0
0.018877377951921792,-0.02265770422230773,1
-0.020951675779694923,0.1612765604499442,0
-0.050017538180186505,-0.3171958010908966,0
0.22345046723402262,0.22237479934628135,1
0.22248202674516493,0.1278663177896906,1
-0.25562611476832775,-0.2640024133210429,0
0.16858364627008138,-0.2390868765618918,0
-0.2616539956709988,-0.16866930245253295,0
-0.13061118140491046,0.025756275611309665,1
0.07115255011574284,0.10745881998339102,1
0.020085262708156137,-0.07123762858357113,1
0.14571350643290576,-0.291902643831518,1
0.29083487283818066,-0.15609774527263234,1
0.10271106477734426,-0.19381825375443498,1
0.10180627980344947,0.39200225611831485,0
-0.044902242706438666,-0.09932536382642826,1
0.08606366052714215,-0.32665050969201426,0
0.18670318648536033,0.1627989781285637,1
0.06360022880110305,0.15486673577893106,1
0.31840992201896345,0.3502077284912881,1
-0.2350561805848502,0.3763918448787621,1
0.1342328486326888,0.09904775536839494,1
0.0037648537952678085,-0.03370855587224392,1
0.1963907683215741,-0.04375828582041946,1
-0.05378233059044807,0.28252435596777214,1
0.30520295131082287,-0.25296959156151644,1
0.30866041406306277,0.30204625077638947,1
-0.24762129380066117,0.18470387060768134,0
0.018259036654527383,0.05724682139527093,1
0.09244645824014219,-0.047259073620822545,0
-0.313912229316039,0.010636145885634385,0
0.10396913514154688,-0.12407394461434684,0
-0.2504910106930982,0.29873829041544475,0
-0.15832510602985977,0.10312011554169664,0
-0.008568868584288847,-0.3886904252296832,1
-0.1497674124507177,0.34042088107844026,0
-0.06148319944437064,0.0956469465364872,0
-0.0362085502834929,-0.038858071367169456,1
-0.08602467841615019,0.2517372435881755,0
0.000674522851035475,0.2666049242648886,1
-0.12825050653281359,-0.303302494673267,0
-0.1715084135971831,-0.05450456992542979,1
-0.31777205806583964,0.2724936714479892,1
0.12990260081604155,0.09634253626884648,1
0.3423591894231597,0.06059369484235805,1
-0.02784215240023169,-0.3229938822189533,1
-0.25432576041433785,0.11130771234444758,0
0.06517783827151397,-0.11674380650912658,1
-0.014329021226833993,0.32225065784339646,1
0.013570335408118639,-0.21486222199935734,1
-0.045644284788940725,-0.38787710340268433,1
0.29958791132211193,-0.02432184464369913,1
0.21417059046890086,0.032772683194297436,0
0.29027873408921634,-0.16878169389200412,1
0.08434969989727259,0.2395069919571181,1
-0.24828628410046882,0.23040491037175004,0
-0.2524542137143392,0.2527689233725232,0
-0.06748095397832743,0.031194280868014623,1
-0.04235925161130394,0.020896558260609488,1
-0.07443811156131092,-0.20553961264952036,0
0.27003867917549285,-0.1607011825941644,0
0.11188432820524202,0.10567849252338068,1
-0.20280748331733295,-0.3634306037631295,0
-0.030982481632697068,0.12499476998964021,0
-0.1460898796924922,-0.04027230816079913,1
-0.3212380817742976,-0.07138012952660838,0
0.05883520248602686,-0.012639061705743804,0
-0.10474565260704097,0.07032868240760337,0
0.23856618185668121,0.31224217457696246,0
-0.23976263980619883,-0.15687324325655352,0
-0.27498822222667024,0.17852046195722926,0
-0.3035854932078633,-0.06718793025932124,0
0.11091035455738191,0.26244481479821846,0
0.2375152839474992,0.06645120607770594,1
-0.30142426467128963,0.3474407306488341,0
0.03719076386888176,0.09082614813813583,0
0.1625542734671629,-0.039789295524759294,1
0.13135819212235134,-0.3267510047837847,1
0.27371546491454657,-0.18544686970477173,0
0.25080012479271674,0.3354433452009973,1
-0.16473492341910126,-0.31284162103722873,1
-0.14155752579800715,-0.11179270958654364,1
-0.013029880158987595,-0.22956730775478534,0
-0.0814216034142613,-0.11471519282352588,1
0.34174062395054106,0.3222418085340978,1
-0.20259311637588553,0.002292182639256901,0
0.128370309915332,-0.2951526233866349,0
-0.30866826984181783,-0.13383629885862397,0
-0.004573848197742925,0.3682906546153485,1
-0.0009320632134350859,0.36228689083843135,1
0.04016014113510458,0.09441036455295099,1
-0.2726504249500344,-0.17355368663930504,0
-0.07213270618692913,-0.15827056498581032,0
0.05151397788985029,-0.3238381168455316,1
-0.18619302154230713,0.16774659361203947,0
-0.020129494989213736,0.22696728746164763,1
-0.34102108735964926,0.050413301518966835,0
-0.08305309896180257,0.19848112630356796,0
-0.06489127112137677,-0.05765058875749596,0
0.14131862870569228,0.3368907356219605,1
-0.3498091481831183,0.3528989023959781,0
-0.03334779359168227,0.17166956469542716,0
-0.18543966771614773,-0.07974313732082611,1
-0.13986796971670443,0.09903694524263235,1
0.03495798704542308,0.3765522430898097,0
-0.270304213751016,-0.17007300980000695,0
-0.0965028577840249,0.27221416648901164,0
-0.29164292116196966,-0.1676055692326428,0
-0.3326108591355013,-0.2664578232757363,0
-0.21014562389805405,-0.05568795962822454,1
-0.13171338806319144,-0.3681136065683508,1
-0.28463037430207583,-0.08011993617843727,0
-0.09979700281150528,0.3385406817750741,1
-0.34068527122196235,0.003266920419238706,0
0.0713668246457983,0.11713013136647521,1
-0.05922556775040477,-0.238378951746353,1
0.22755226082451252,0.1279692706353993,1
0.26939380734451734,-0.01197593914751538,1
0.3164230549091194,-0.09110885329404583,1
-0.30080735310979007,0.2340287109764737,0
-0.30591816532323124,-0.35813481608737674,0
-0.23506957971191328,0.27535303578830117,0
-0.27500042250155377,0.37220317778576895,0
-0.19121720010519852,-0.023346002240314523,0
-0.20495221741741154,0.2711000565809858,1
-0.2691506876165335,0.12685670859587428,0
-0.16102274831413246,0.09592967478369535,1
0.00861129200039823,-0.3425511452051233,1
-0.30295447290451605,-0.3742432192243236,0
0.24344208983387305,-0.060406729908689005,1
-0.18435089742435282,-0.3375376322962752,0
0.3080844504157051,0.21440205391700917,1
0.28170575535789455,0.05245968248500671,1
-0.19528133389707938,0.2842562267516453,0
0.2856974033899705,0.29170719955708124,1
0.005886291331543336,-0.27197713439498894,1
-0.24946067324197257,0.06593063781892694,1
0.013344308891102441,-0.2398942432776451,0
-0.0375450581021296,-0.1401474498673116,0
-0.2121840386830861,-0.10231829090562211,1
-0.3238273938070846,-0.31568524361631156,0
-0.33154384355796884,-0.05308326768781224,0
-0.3379004936034244,0.2443141725695448,0
-0.28622182092476933,0.1490193778295661,1
-0.008511397770896767,-0.024762500736744353,1
0.33487965223632266,-0.0743084304670717,1
0.2060390176532465,0.30156394577346657,1
-0.12444185730691279,0.08081772071326448,1
-0.2619257386533136,-0.268773894401521,0
-0.03295207036701803,-0.34994940500517285,0
-0.05365202576209083,0.07785018404382421,0
-0.04017583702691163,-0.09416644390840556,0
-0.15095338106589276,0.3881114985970455,0
-0.09638414847650983,-0.13193767760684944,1
0.2166518011648707,0.2152764915219696,0
-0.3349142738793932,-0.20356515755591265,0
0.18926620161559815,-0.03896199288780827,1
-0.044255260836329635,0.25118596344801347,0
0.15584320148901676,-0.011838119609797526,1
0.07693884181714844,0.07949959869800605,1
-0.20881313665156323,0.2579114378872689,0
0.012432905213906886,-0.11074855724914007,1
0.2840261449873559,0.35547044596447286,1
-0.14021462486391237,0.14233994464585975,0
-0.05110700461191492,-0.31949257783883606,1
0.08972018708596236,-0.19492892197775183,0
-0.11558863308542303,-0.2835191199135889,0
-0.0866068617623511,-0.3670243494812202,1
-0.2540264374697422,-0.27973240402009963,0
0.25476704154639995,-0.020349271681432135,1
0.1205018754643919,0.3907532278454008,0
-0.14915456717438774,0.1781320214129467,0
0.21818716368990776,0.1531391888572713,0
0.26268965021682955,-0.2255007332289429,1
-0.01390456399978135,0.39079829773936936,0
0.16564943423081036,0.3510193377831661,0
-0.07120064909766899,-0.22521163512070547,1
-0.12293007994457031,0.2585014641831982,0
0.25408799294386253,0.16877115784019547,1
-0.2893281029719374,-0.31150724827469384,1
-0.2339671809269525,-0.369280289814499,0
0.17401457581133295,-0.3875153148688855,1
-0.07379761233701448,-0.19666385658769547,1
-0.08306258268736189,-0.19286788383874676,1
0.10930265182691612,0.056703784445594874,1
0.3494018100324414,-0.13361249846102918,1
0.02072262575671424,-0.1310475970932949,0
0.10873604229926037,0.06304285285607303,1
-0.057843941562675194,0.3702779667827072,1
0.34674441047565974,-0.09292534069808739,1
0.1985248878034669,0.15509647856678677,1
0.3388647127731501,-0.20515426090264174,1
0.18251490993384079,0.03299702858753334,1
-0.06328422581098325,-0.24797496386984133,0
0.15083826775096576,-0.19969698481198508,0
0.31808598692169987,-0.37540767293952015,1
-0.07994743169281254,0.3802098327421942,0
-0.053669905156826125,-0.16966324456623472,1
0.23910489575225058,-0.27187642251202854,1
0.15418971712147023,-0.19300043941240919,1
-0.07064294041422775,-0.32920305327024996,0
0.2357158511981059,-0.04416908613372722,1
0.0025168822850895056,0.1088953734512168,1
0.3162165227496089,-0.37034486897562763,1
-0.12416617583008294,0.28028327333780145,0
0.25214337830025735,-0.0590757102150391,0
-0.06695237482801608,0.25740782975866794,0
-0.31471634133596227,0.2675058138894775,0
0.3192477713236953,0.09616600042227785,0
-0.03273317541392384,0.1374739853404776,1
0.3209992288068927,0.3601263318900063,1
-0.08722686659435785,-0.01851900199101808,1
0.16513304061261003,-0.20479307942003244,0
0.2138489431866577,0.37177806250918033,1
0.03134240803891958,-0.14406185148198114,0
0.244181355136732,-0.04772036620488268,1
-0.21071030052559275,0.11619086273399737,0
-0.15070702613449388,0.1863119978270802,0
-0.34540586183574046,-0.34688139008106184,0
-0.201407363486599,-0.29075564275898635,1
0.051638575500662975,-0.2617437804190038,1
-0.0036144940988224183,0.10210235915766797,0
0.34234415236648463,-0.3879792088443228,1
-0.20808568686992351,-0.18216583520945911,0
0.2743034027551504,-0.10420030977966438,1
0.10087553789456116,-0.10650515994686743,0
0.08627217345975846,-0.17837661865589213,1
-0.19512698819107432,-0.37584134620183546,1
0.27702244101547735,-0.04617482409573903,1
-0.23646271587149864,-0.2395246850963428,1
-0.345095526354,0.07946401250861507,1
-0.2716342588445718,-0.16240984867885244,0
0.3232301698262061,0.3233795280171069,0
0.19023649291959976,-0.38956402702934645,1
0.17550232036674418,-0.35158583654438624,1
-0.20823914236108876,0.2427869104437438,0
-0.08859615189226888,-0.11023628895206389,1
0.1670670109811928,0.22472378399886161,1
0.12619408356955053,-0.1380194112266812,1
-0.03114052674033546,0.38330466015935927,0
0.24597667203262075,-0.2078369005430119,1
0.163178832572217,-0.09618217527804596,1
-0.027842414572297636,-0.3057488081301647,1
-0.2460591792218565,0.052451394026761355,0
-0.02540023662211366,0.03897732928958125,0
0.12104092965856078,-0.08793888495671237,1
0.27213091312388216,-0.02080235721829382,1
0.2507055767774694,-0.002090795662030076,1
-0.141562850392331,-0.2704611819538652,0
0.21298112335079322,-0.058850676020745396,1
0.0907920621302119,0.2730968510323202,0
-0.3387822983415359,-0.39845827573125786,0
-0.2196916188202856,0.30516268478854325,0
0.11421563236593274,0.2821143295610993,1
-0.22726642571085148,0.2534187290748926,1
0.28511615160580306,-0.049762367289278575,1
0.16101687305384305,0.2990601835425304,1
0.3076427732844228,-0.027285713539597467,1
-0.27643850204419534,0.09610446122217464,1
0.26858635514503504,0.037634808822348376,1
0.05489676449273717,-0.0633822208083944,1
-0.2744213321985155,-0.011005826788002104,1
-0.04252117111048198,0.27553769872572453,0
-0.07017946526547592,-0.36229915087217957,1
-0.20464121886984182,0.011391234700658504,0
0.34674608990722044,0.341295793690088,1
-0.0628912089384821,-0.1784912204901657,0
-0.2210350916686905,0.3228842912966007,0
0.15476537386498823,0.05247681063373266,0
0.22232783548239676,0.0494866931901326,1
0.16966061717498926,0.14650693663908532,1
0.20794897635602927,-0.09918222287867212,1
0.00769198278914085,0.39030470783413285,1
-0.14256599266414194,-0.024606096981705405,0
-0.11998520926639233,-0.11424148369045012,0
-0.19802678681471017,0.35417940632998035,1
-0.19375666037567243,0.16901543024505783,0
0.2919732924186943,-0.20520935231444914,1
0.1046137326114408,0.04426998829393697,1
-0.1541314779718118,-0.3765836061261185,1
-0.06218280597718939,0.22461280530556682,1
0.08865140837688273,-0.2007446638343013,1
-0.10168775046148607,-0.15467518340177194,0
-0.20110709349056566,0.37493130113649786,0
-0.270846778306032,0.11289986516096595,0
-0.11347975639756455,-0.326338013950359,0
-0.0007473211712248351,-0.013702943190540662,1
0.1599155172578417,-0.34303556381010236,1
0.003402293927750988,-0.3824365791647951,0
0.19550594210555394,0.22953714038092266,0
0.22028742040074978,-0.04133036735832257,1
0.19952896625967909,-0.2972633787043168,1
0.0756810945832575,-0.04729036178576873,1
-0.14377248897693382,0.2600786017752671,1
0.15244091362987822,0.398415631136512,1
-0.062415450267269024,0.3873730082847574,1
0.05866023490644828,-0.19136959384487798,1
-0.21957456133318437,-0.20284878466947198,0
0.02786433715181935,-0.015712953064562385,1
-0.2631115834527471,0.24827038376427846,0
0.127243612153504,-0.06506978975647415,0
-0.056355882387717326,0.2319172212087306,1
0.13790983985404787,0.2244259325823703,1
-0.11441644016536484,0.2459702593837032,1
-0.21203111064655206,-0.015438562887662155,0
-0.12580889629040698,-0.18530554336951008,0
-0.10004058950212111,0.29658494344405983,0
-0.14321882222218318,0.1272146432156901,0
0.290955562329854,-0.22271052111411527,0
0.0195279859680228,-0.3789100910014517,1
-0.002912581059020647,0.1466531751946386,1
-0.02000099334761407,0.10489964981424049,0
-0.03748180996846434,-0.12454021937755888,0
0.33595094073141607,0.2617913457169857,1
0.20697884747660167,-0.38852479762036324,1
-0.08298876398805688,-0.08832012179928739,0
0.1115918462224047,-0.2525032422799668,0
0.20606310107268877,-0.3580011892130266,1
-0.18476357493977275,-0.3583051275976852,0
0.30173098561602574,-0.3526111902753705,1
0.29124402527076243,-0.07260114365725923,1
0.1535666455333048,-0.2293128260699569,1
0.03347978699017079,-0.13567492304411716,1
0.34096633410320165,0.20997585370887184,0
-0.05133950536584936,-0.31886180675945,1
0.18185061331890662,-0.05253167973901107,1
-0.2852139981024553,-0.22235632679266581,0
0.10388867235635485,0.3861809452998325,1
-0.2516551149869695,-0.11436861291275985,1
0.3438555428513871,0.08912298025691268,0
0.32889525923926344,-0.09346172987130502,1
0.2224891852155959,-0.22507657095523195,1
0.13429659295439994,0.39225517800740917,1
0.10831039989690744,0.1218340968368341,0
0.21089940254592054,-0.04499029608677285,0
0.052785690219280035,0.06652297587395184,0
-0.2868547746863276,0.19825186201275824,0
0.21963762829059852,0.18552928536980706,1
0.23155612619401011,0.30200909460478187,1
-0.2777127264045066,0.06957355947595528,0
0.03291186432858223,-0.05029486419178769,0
-0.17522266557584132,0.10292435637296005,1
-0.14579381191998111,-0.2623585081321075,0
0.1936529067279975,0.09159175697777622,1
0.29828322864381596,0.14154223907870045,1
-0.004027637948416707,0.15177705769303795,0
-0.25162053374903803,0.399333316887466,0
0.33740212416691573,-0.3761407480744147,1
-0.11189297058464778,0.2180762355134468,0
0.20596571805858555,-0.13369437354749752,1
0.10602710841126584,0.2334894553155744,0
-0.18240717569784692,-0.1658407524969593,0
-0.2066578580316779,-0.13131226489419562,0
0.20454476526321186,0.11407322325887015,0
-0.3071171754052223,0.12882525018726476,0
0.22437487962229163,-0.3800525478267261,1
-0.0897457767452417,-0.27208493539731204,1
-0.03501426900808091,0.08983206313454917,1
0.15609642018127756,0.3434124143365189,0
0.1966363573397948,-0.18333340781326726,0
0.19544458619463567,-0.2928276489773478,0
-0.16834559964001414,0.17770935541589195,0
-0.17623245164096077,0.35061210165990375,0
-0.03739038092743374,-0.3083405477216856,1
0.18961498625685147,0.11419218034702106,1
0.00920028718328847,0.1226504152873471,0
0.18350683431779635,0.13398481457125377,1
0.13682763248765573,0.29453141055655463,1
0.027417170160659754,-0.20035825728362175,0
0.01076425290292854,0.38224813424286164,1
0.17667806692316768,0.380866834150852,0
-0.2541696356407645,0.22067045869701762,1
0.2976034235458819,-0.2615083018488058,1
-0.13030533082212345,-0.1934477735194797,1
-0.17021459104539674,0.20448305597418226,0
-0.339711123945177,-0.36773664017261976,0
0.30482004786433536,-0.2652134330526013,1
-0.3248471855246012,0.1847075229597558,0
0.10824939655668575,-0.37893950583467123,0
0.09436520227543693,0.2410447001853674,0
0.02290281942178346,0.2307701989847576,1
-0.09653045229880458,-0.33722563170556485,0
0.20223937703462058,-0.1381691994672366,1
-0.18599632562861454,-0.03766133850784198,1
0.3157812818752851,0.12820302673689365,0
-0.21093772960692542,0.3470108104160631,0
0.03141841036976173,0.30583887269818166,1
-0.021652613716616587,-0.3313711771383882,1
0.20286911751001357,0.17453739583825256,1
0.34752582985331915,0.3367822853998502,1
-0.09566783181515898,0.07362132909350827,1
0.13144947976825516,-0.025781452811506178,1
0.3294994468674619,0.1735000945302887,1
0.15523094509064184,0.14634747786704783,0
-0.24519196674265306,-0.3097843330817154,0
-0.32481272505955167,-0.185692752504351,1
0.021654581249487714,-0.19964250004686585,1
-0.01770333244701544,0.3162903427086069,1
0.1697428493949361,-0.03444771377108424,1
0.1131108797030021,-0.0058803005077640025,1
-0.10175249924446608,-0.3624392438772568,1
0.19239523014057003,-0.06722082145378316,1
-0.2974535773816092,-0.1785407775443912,0
-0.2606142096859035,-0.30207677467465005,0
0.20910442563628706,-0.20494208757428548,1
-0.2839816373789574,0.3936077825236378,1
0.280933347599026,0.24526128739459852,0
-0.05031548016966475,-0.33639749260478286,0
0.04806018582203514,0.11628512840269467,1
-0.18568026806149102,0.17436614719766474,0
0.20809015971114386,0.3148731752305134,1
-0.23995868041331198,0.12621072628462116,0
-0.13378810133826655,0.0626721910752227,1
0.002854920996481103,0.002219181220125488,1
-0.20528666346884605,-0.07180716820182403,0
0.16282455162292608,-0.16896164469157685,0
-0.22806695650731995,-0.16613962015709005,1
0.053417675717733204,0.24008016179307978,0
0.05484279192419683,0.18303823751568893,0
-0.08566569284467074,0.29745244639594426,0
-0.04771621541798121,0.13017194848767777,1
0.05607529109511289,-0.06655017800713814,1
-0.12504308975286368,-0.25561575652526775,1
-0.31261998878513075,0.101105908168593,0
-0.26280525747781275,0.01636277923910462,1
-0.30803235017462605,0.3809121735132227,0
0.058049437856356134,0.2679400181269457,0
0.049001402900304414,-0.22378123754733734,0
0.24968107895704839,-0.1011827129913403,1
0.14247978410974815,-0.23434693628565811,1
-0.2098219364777339,-0.14196775575940296,0
-0.12747356562444506,0.1296332902298084,0
-0.2793155905463961,0.24382784079086461,0
0.21759791179634702,-0.33017405877396133,1
0.1153391958306566,-0.3971554119377764,1
-0.31044918194613175,-0.2478459546188689,0
-0.29257497792949044,0.3505544944404436,0
0.091651571204456,0.3400820034889461,0
0.2731099913244681,0.137491544213317,0
0.13736402866737413,-0.07625785109470418,1
-0.2865500000660265,-0.14955277330691247,1
-0.17189448890783718,-0.15500971574897449,0
0.3175197972931345,0.18817380322002264,0
-0.07785271623890755,0.12516965142693026,1
-0.16222670404440262,-0.04069080985674367,0
0.3053724198607617,-0.03977668887919539,1
0.02990202147661336,0.042559182062903655,0
0.2901302459941518,-0.15843265000210122,1
0.19409749755523498,-0.360716739719529,0
0.11657249442933992,-0.11493190435371325,0
0.20453767383193866,-0.11108945434025758,1
0.32428701914825253,0.03298945088647659,1
-0.0643997822438846,0.3636970634398299,0
-9.885986809177183e-05,-0.13325929221823224,0
0.10283688562068033,-0.337338793817138,1
-0.08870360075260497,-0.278053033261483,1
-0.2632237405454105,0.14901292170838154,0
-0.0008536012283402727,-0.07167378265305568,0
0.2920129127902532,-0.34059392414912804,1
-0.1387949094045061,-0.20807556766632285,0
0.2464650412023356,-0.3044608591537534,1
-0.055577379689304096,0.18702772510186594,0
0.1823876949702936,0.27688723111968827,1
-0.1810701161173654,0.11244901900389082,0
0.28422327769890454,-0.25288802064064814,0
0.0978345560306556,0.19959095242446934,0
0.22408752377300545,0.18434725434000654,1
0.30765643624673444,-0.040121264021575787,0
0.25867213629441366,-0.06947439276352696,1
0.327357140471943,-0.1799521056219744,1
0.11707646484793349,0.3967641654080917,1
0.13079141441902875,-0.1378515686614808,1
0.026126140182835766,0.10451843052417631,1
-0.099964377859046,-0.3185081625472031,0
-0.056626373011805786,-0.30707735760664195,1
0.07495672651808216,-0.3259284166667844,0
-0.2718037460219572,0.23493279275495016,1
-0.24925933683683354,-0.33397271055950956,0
0.21750336181904828,-0.0688287404218979,1
0.16472450424886442,-0.2793010758344366,1
0.2896272302912062,-0.1449988792670972,0
-0.12277051092510638,0.2411779434409549,0
0.09281694234515492,0.020427045797416388,1
-0.1593175013371281,0.05784531151769218,0
-0.1027261516946362,0.11766591545137817,1
-0.184952295872549,0.23221337853670487,0
0.3242721628060755,-0.11696909915788378,0
-0.1139117129413624,-0.3124086926738956,0
-0.26291788124933546,0.022220799550901393,0
0.2658176297657183,-0.17653613284704656,1
0.09899804341419166,-0.23372973044101766,0
-0.07203273951668798,-0.028310367929848756,0
-0.10903342043875688,0.15261163190579485,0
-0.1743067670448111,-0.36354412415729515,1
0.27799067043693215,0.22578962483685094,1
0.311783951159352,0.20793437471831888,1
-0.24832023964127237,0.10276080489789496,0
0.2353146862762946,-0.19059352695832965,1
-0.199353381945818,0.2798335572987013,1
-0.3041929219337021,0.2844581558151347,1
-0.31227144961300984,0.11406186726350609,0
-0.047454918468646856,-0.02018021634039241,0
0.14117405987486836,-0.11710452811574473,0
-0.05687087400393398,0.0010531121566635937,0
0.14790409683634503,-0.18453398889351533,1
-0.2787408243217181,-0.15680960475284078,0
0.10868906253023725,0.08367440218051198,1
0.31143577662790767,-0.06311701454166252,1
-0.34239301050095144,0.1639049927111904,0
-0.2926352555640068,0.18750400471147555,0
0.14990313896681495,0.3202379414529135,0
0.20118399966009304,-0.353368670723735,0
0.3095401855965527,0.18031300905794068,1
0.01480486374185952,0.19334260099851552,0
0.060576151123218014,0.10559937190802926,0
0.17710175928352978,0.36750903675522417,1
-0.1459500959077098,0.2667137348529257,0
0.1196608186125625,-0.39986681858607076,1
-0.1990555342954475,0.3250111752039161,1
0.27197812288700274,0.10527982737736752,1
0.2967315548550661,0.3175323513658198,1
0.12475611132040948,-0.3158714628188998,1
-0.33002200066206255,-0.10789697405978116,0
0.19089244862869148,-0.23643897284613402,1
0.2617755415169434,-0.15521429394226827,1
-0.28575905858828127,-0.27287825013946443,0
0.05743931946807007,-0.13977767331488655,1
0.24559316624139949,0.2815293533001113,1
0.23593118796480173,-0.39238940201797806,1
0.20334291636478508,-0.23112450354286304,0
0.13738452016742092,0.3912963352881722,1
0.1788586009013643,-0.36702470876517684,1
0.06654526521323328,0.1474972233675258,1
0.0924817209374687,-0.3607138167604858,1
-0.28213560827136464,0.10966823247692348,0
0.049869253763325294,-0.07050965899731931,0
0.0009879379098706176,-0.11260112238378922,0
0.027366524151998195,0.19985975699147196,0
0.06294899824808564,0.25051762910702335,1
0.3246474344122824,-0.3369190178704271,0
0.3071550216006934,0.3419759515742832,1
-0.08943708120781241,-0.2318229542901234,0
0.17113519782775533,0.26937143032602584,1
-0.05005893634524483,0.28585265534809456,0
-0.1989687648650225,0.33932860524380315,1
0.21325984269629616,-0.23006059673489007,0
0.33852213603162595,-0.3871211717667545,1
-0.329997819119809,-0.33140827549164753,0
0.11661697796947579,-0.13222772167593755,1
0.15128642319877317,-0.14225783198551617,1
-0.08938582163025216,-0.01379683012939903,0
-0.24733123927132472,0.08774424906925915,0
0.11527101430247227,0.16873655180093983,1
-0.22202240320278777,-0.1457146446264061,0
0.032879461895553685,0.1928807527419384,1
-0.2602009687154722,-0.19393473724330132,0
0.2087534252639902,0.18619193713935744,1
0.03658323621205389,-0.0701483281527489,0
0.08847266129594905,0.18073561217826362,0
-0.17701198308253308,0.22273905681280115,1
-0.030336341935433053,-0.3012802243145129,0
-0.09011740488094588,-0.28100687872337543,0
0.32866938523254785,0.04615361300103765,1
-0.15222506714634787,-0.1085829043939871,0
0.19965493005179802,-0.35935478665460874,1
-0.012936056619775482,0.23352216251077162,1
-0.05069321139785965,0.3885407214827413,1
0.1281501128563794,-0.30736159171013866,1
-0.24376388092857487,-0.3902634749334351,0
-0.2816564715583155,-0.31898829075606905,0
-0.07108229063766108,0.3407692470437742,1
-0.041464337687060926,-0.3597637255927144,0
-0.23369107436894399,-0.09803824144850803,1
0.1746606754219402,-0.08970891080229898,1
-0.3483731860613722,0.24318657184423076,0
-0.14695007064993332,0.2774570962224584,1
0.1414744179261691,-0.034167716178640006,1
0.24399934349445263,-0.31283018358646664,1
0.31775936155929474,-0.12782113605092793,1
0.22633597959380836,0.3762249400024221,1
0.05999976453170225,0.2356608869305571,1
-0.292985438710698,0.08304012856357385,1
0.2557493789826236,0.2826577948563045,1
-0.25109506875396986,0.26551282132164766,0
0.3292089487149139,0.14914572738844067,1
0.27145512520353354,-0.14844137134258445,1
0.04695376802615625,-0.12311993468855509,1
0.29964050613094795,0.19376350678010446,1
-0.07317165043552837,0.018109288682862712,1
-0.22489962960267523,-0.1035577314344977,0
0.32860946601571506,-0.13294454706198905,1
-0.3472894414806291,-0.39906427038837045,1
0.173083475259171,-0.37777443135693595,0
0.3304786678043673,0.21132592357058078,1
0.1476218669977971,-0.0731613843387337,1
-0.21830050064445822,-0.3631013118455608,0
-0.12663921012469595,-0.17356669004897932,0
-0.06994815021456485,-0.026626342221053978,1
-0.21734913276782603,-0.170581219098768,1
-0.13413182597122336,0.3602708435889663,1
-0.14139364778562813,0.24717707175677261,1
-0.18853730119646633,-0.026626510397094905,0
0.23455500485277447,-0.11531955050922804,1
0.09849483495430283,0.17042017034238943,1
0.2671740249687219,-0.2571007711335771,1
0.2290684731770508,-0.17044208110261075,1
-0.05223023366506918,0.33791468585521567,0
-0.1578337205862469,-0.15360952326700322,0
-0.0003274338241788799,0.3859663429474619,0
0.12740307624388914,0.17845746657649042,1
0.04197990368753479,0.3312868680351231,1
0.05706939259086419,0.23241143849843648,0
0.3463654331409317,0.3161248939817696,1
0.23475236462143567,0.22071769341958092,1
0.19300966236654604,-0.17317414255270683,1
0.06671334366670506,0.2223106697598043,1
0.25287606871080504,-0.26875564746356795,1
0.18806034550820205,-0.11583692912643867,1
0.04441317709262993,-0.032425492292558755,0
-0.22610661695182488,-0.1064761842851149,0
0.015116987818512284,0.013548278287379811,0
-0.33966865579581335,0.32194605908953144,0
-0.34092162106448876,0.2585478530440327,0
-0.05098873721314218,0.2103353719875124,0
0.15528297025601312,-0.1845069586813203,1
-0.09207969389416637,-0.2716530905237436,0
0.3192128416447554,0.15757618485074454,1
0.2531352570373233,-0.26413759152760785,0
-0.16318048814940792,0.29446917838174647,0
0.1321453196029042,0.27776741691488804,1
0.020069688263536445,-0.24494599268007367,0
-0.04395905976707021,-0.1809975010647226,1
-0.24179693117153422,0.010551857808383303,0
0.007446331427841346,-0.1727727594201558,1
0.10482899316438538,0.2338414519333757,0
-0.3319302567676147,0.012205912495005578,1
0.16741640427736526,0.22627246276451374,1
-0.0030584391606069405,-0.28516787818728884,0
-0.26807626458959716,-0.046706851511196135,0
0.025323730967433122,0.1692776267002729,1
-0.1679322148487657,0.1916212047289052,0
0.17676215208065604,-0.038409711262234414,0
-0.07670219795225897,0.1842049935051835,0
0.14328012590096906,0.04619971801112621,1
-0.1780572403684398,-0.3307555905359591,0
-0.1677471378596242,0.1823198379643689,1
0.1499097049055555,0.22794912873578987,1
-0.00276379946504679,-0.014076210972617964,1
-0.29827288501147914,-0.018518042223450437,0
0.12749294425762064,-0.15164789534769751,1
0.29090247248701395,-0.3810487974380746,1
0.2437658866143253,-0.005259562035019705,1
-0.2549809162757151,0.3459516781166889,0
-0.07012201204853019,-0.16397176181776382,0
0.1889844756962903,0.15146496714954027,0
-0.3063581840361775,-0.3473842534343836,1
0.33063451061304683,-0.2902304877767821,1
0.2575548252014789,0.005595556899837095,1
-0.12954968915422074,0.2579880159317488,0
-0.0030718277856811582,0.12046066754487128,1
-0.04595678888967403,0.13804200088325658,0
0.08648903061211305,-0.27315601042979765,1
-0.011604413428223881,0.2584573494471617,1
0.03450651208812783,-0.1697581542197112,1
0.24303795087805924,-0.23459081129289663,1
0.24111678870104336,0.20920208635001325,0
0.0812762226528474,-0.16402087949616517,1
0.20164656738768727,0.05175247507470998,1
-0.06240893960829552,0.329917863948191,0
0.11731219198653742,0.2721097242021463,1
0.3057206231159021,0.1920170680860982,1
-0.12901563796748006,0.35752364379223034,0
0.04468013037841251,0.3922448176017971,0
-0.16992768478450537,0.07149640813691649,0
-0.2799894622635333,-0.36419564203068494,0
0.23239458990768924,-0.13137499485162446,0
-0.18929907434429705,-0.37681807615300755,1
-0.2906187972566997,-0.24482224489340682,0
0.3470382065002029,0.24867867361313012,1
0.2896191961508555,-0.047007188550746926,0
-0.2916535848510514,-0.1251058370241636,0
0.062437663580165614,0.2592013328857219,1
0.2663263678125344,-0.01129393876325191,1
-0.34795653486431316,0.05744490567877286,0
-0.2885829273133106,-0.39484734042003816,1
0.2602439383232322,-0.20299718375564196,1
0.12033035331030129,0.08343209095272286,1
0.07148772911992046,0.16694257416294023,0
0.26852814226122557,0.1815374265477121,1
0.1844252333193238,-0.0013718267668688111,0
0.11745587149789438,0.10961706605720756,1
-0.265305848812733,0.2243586865311834,0
-0.10703809226027677,0.051702777276573464,0
0.09445163506012749,0.21404839281044052,0
0.24032461663421045,-0.16051753575869032,1
0.09342731611862276,0.2632780570039668,1
-0.2593581249454249,-0.2011371072614585,0
0.017323630730124162,0.1723355227803749,1
-0.3380292122908135,-0.02497777078619201,0
-0.2230556526278806,0.0684202234104882,0
0.2110734571485342,-0.05312140999122833,1
0.303736409271691,-0.23091370119724203,0
0.27921181090014824,-0.2358754338719365,0
-0.3126759137198064,0.3423785995116493,0
0.039140918726275065,0.17013449466050268,0
-0.19509097137980858,0.3527508116102168,0
-0.2406355807103942,0.09114514490563463,0
-0.06572311271632542,0.3356148975178924,1
0.320059460894884,0.1455773039966044,1
0.33539706799138225,0.304579459702379,1
0.23312832776852133,-0.1413218744027609,0
0.23391083344007435,0.15937007170271822,1
0.13943312826176274,0.12711730705468516,1
-0.2714375937616875,-0.23761036267917648,1
0.32204111200265395,0.23023723810154273,0
-0.30736583035779946,0.23778853970244584,1
-0.1380426898856142,0.1950768670095313,1
0.26755908018114116,-0.36364372774524134,1
-0.3427767309289057,0.31542355794717036,1
0.2919644087349347,0.08256757560050892,1
-0.041693864550321647,-0.006890699184269267,1
-0.1461261426036861,-0.2485420896380237,1
0.13382011398020666,0.02481048392852453,1
-0.2409352509685544,0.34083952766064884,0
-0.27332813544371626,0.2964507985505418,1
-0.036917512684649934,-0.1497871819069327,0
-0.1840901853216294,0.2428064254422616,0
0.22060619338336762,0.18906028416165999,0
0.12315309512481021,0.2547694330711412,1
0.07921729738674271,-0.21419882789974798,0
0.13919341339941527,-0.05089964011759429,0
-0.021217044424585885,-0.07894003775132141,0
0.26198145756904323,0.07655559726260153,1
0.008168750566607152,-0.24143587875635078,0
-0.007073501671179205,0.022158030408782614,1
0.16476802585100359,-0.38045062959975545,1
-0.0707573015842004,-0.18041377042463244,0
0.34439412458302243,-0.24453044225942133,0
-0.203395339642485,0.06484854097890791,0
0.04782597281515538,0.12531292418688111,1
0.2088203981185448,0.14802000929642634,1
0.04509624104984744,0.016359672754210575,0
0.25015161461609325,-0.14692024177457486,1
-0.2871344600853398,0.38173376796204517,0
0.044196808510718166,0.13083667703054314,0
0.294251513652557,-0.2765830613187726,1
-0.12453886591971988,0.07498799379197446,0
0.3284104591954323,-0.007869533541766394,1
0.2238960923935991,0.32197255571274874,1
0.3165281029090411,-0.29464269012510585,1
-0.05362766187339818,-0.1660909063546523,1
-0.13903598363503036,0.14561163130942456,0
0.055851733723134955,-0.3031663229352273,1
0.3400093713728559,0.13350554374971657,0
-0.1366591048805586,-0.16262881678769672,1
-0.1255309568458128,0.35685572654133535,0
0.21874695618517626,0.1934799994608336,1
-0.27512109173196464,-0.3747917087214336,0
0.20337228843271649,0.086662204203449,0
-0.1154268759267282,0.004644277883703918,1
-0.27009465496231017,-0.07288146317800298,0
0.04769536348978298,-0.0160158400607483,1
-0.03949064824409998,0.25584999462822633,0
-0.09002431878698963,-0.03280652455151023,1
0.046731584015605954,-0.21946149997449488,1
0.3493382533243883,0.0748146624681632,1
-0.34407145288956065,0.09679790702258717,1
0.33540838477537094,-0.3206839464093023,1
0.1943879056885358,0.39930752315574713,0
-0.312260334848972,0.04369454528316119,0
0.03876129324321692,0.2116028713223217,1
0.23321346155719958,0.1811064251449711,1
-0.296553926620698,0.23207138179650866,0
0.14480911871093405,0.15221291800127235,1
0.32453327297859735,0.029672198077715706,1
0.14893801247623362,0.12787493824400464,1
-0.10860875446069043,-0.3662990037788591,0
0.09184127543108078,-0.054013634670447175,1
-0.30814063218898513,-0.3754662358098759,0
0.22197916936510187,0.23692998579066804,1
-0.0326971083802845,0.27154175119581914,0
0.21301318765764576,0.2559016531026307,1
-0.1664919711126305,0.013864101704914311,0
0.15380876713374225,-0.1377344155754745,1
-0.28192678602044674,-0.17958315004519348,1
0.0828195781850411,-0.14943409014950942,1
0.14631326507272568,-0.13485681942037148,1
0.282793224919344,-0.0021441983485185334,1
0.10654074163433686,-0.33350634023828285,0
-0.008935042503017576,-0.24098471560104537,1
-0.20011142525504225,-0.12386236169686599,0
-0.1708442590098327,0.0017613774254923165,1
0.1683613075359116,0.3219320654434865,1
0.18791972305191051,0.36041156965353216,0
-0.05428858936433406,0.3737191992977774,0
0.1466706780869111,0.007199218490375525,1
0.006523777273914011,-0.24872751244051017,1
-0.31205632876839556,-0.36391420223187976,0
0.2678945954413655,-0.2348483609729838,0
0.27536780799555727,-0.26355408736725516,1
-0.017518372576193875,-0.14929710865739992,0
0.16817762654500734,0.37448656360723087,0
-0.344846487688008,0.34998160768275655,0
-0.2880710451324816,0.35396181347097844,1
0.035655884986484476,0.3884985844686891,1
-0.04059087064705763,-0.15835098322552135,1
-0.3139555707711085,0.34229353372954474,0
0.20718176454332105,-0.2220094815427409,1
-0.03321633223789294,0.23010481262407678,1
-0.2102648218331981,0.06257998829429684,1
-0.1387639768613929,-0.04500876896069145,0
0.14440261255075204,-0.2947589913801668,1
-0.005479961305566383,-0.1505768918711967,0
0.3101355147877495,-0.34401257411591235,0
-0.2776371801053695,0.22686565087734423,0
-0.17368159233712513,-0.0024835834900165388,0
-0.01698874655266397,0.38128981712268883,0
-0.11782839610146445,-0.23652763985186837,1
0.27100730657705097,0.07108791120721741,1
-0.18160383216183235,0.29631781377230404,0
0.3337613376481323,0.2124266375727374,1
0.14930114031388048,0.3176946962896031,0
-0.07060739828230234,-0.0867412194069404,1
0.33244632806649266,-0.18585862325847266,1
0.05089823002022342,0.019319236028604858,0
-0.2943061114979919,-0.0012628749035560327,1
-0.05088566304060921,-0.22043418589436323,1
-0.1339070861331468,-0.08009808077084568,1
-0.22312862730714006,0.0890529023197898,0
-0.2161785392914806,-0.31319158300051425,0
-0.14475799818887686,-0.31183004343221765,0
-0.23726752633929551,-0.1967320758235773,0
-0.10652836598801249,0.23079483597122985,0
-0.27002276310349277,-0.1012449905333388,0
-0.1238640324554309,-0.2397279386774696,1
0.25005934955619036,-0.3628469524340048,1
-0.3203823917174262,-0.12132975566199644,0
-0.08465332967977723,-0.07402026505978049,0
0.016677413634183458,-0.2298070811145263,1
0.05920118178975714,0.19117581669126293,1
0.06571835175074331,0.04536143344370591,0
-0.27743484258342915,-0.028769805469326115,0
0.19366386055279272,-0.16779341206580325,1
0.22270455729596905,-0.24314664260919577,1
-0.02676573320701242,-0.3013711568772521,1
-0.06831970578105323,-0.21093674870313608,0
-0.03696743346989312,-0.044950588496427635,1
0.0485741190498441,-0.3043126611548552,1
0.030087622126830194,-0.3050719747126907,0
-0.2737262559230483,-0.33892455265244287,0
0.05948909007123587,-0.09983353382685511,0
0.1267993110697766,0.002646185116051636,1
0.20683159853139976,0.26976851384199796,1
-0.22742424940957914,-0.34625613688559276,1
-0.2985739471540712,-0.06076553020396347,0
-0.316726149344543,0.17780459060003673,0
-0.09976179124094858,0.32012314622725624,1
-0.031682950443538804,-0.3229570817848685,1
-0.16558728220072572,-0.03612234909864559,0
0.17741113963607802,0.11580027866579423,1
-0.16911358056520504,0.36476999066986104,1
0.035333182451957934,0.34444443826699833,1
0.3275021855378927,0.16492546460690993,0
0.22272776611378353,0.029519912159114703,1
-0.16709296244156968,0.217260574729638,0
-0.2560881036547861,0.015700878765285364,0
-0.25614371720035206,-0.14127095959542751,0
0.10012057753029086,0.39026301628177273,1
0.03390437360943421,-0.09104317368646059,1
0.2415228974845688,-0.07783580809919499,1
-0.33203719532030834,-0.3192314622362556,1
0.14367005404004418,-0.23312472692073874,1
-0.17571881565635566,-0.14930407160944265,0
-0.2525849996635232,0.17740509470647425,0
0.05564063197653257,0.05962831794182727,1
0.05308530239156983,0.15307136626613194,0
0.19594954254723607,-0.3359152161579931,0
0.18515270993648558,0.3257402977203052,1
0.10928771760653277,0.14840767006350641,1
0.07457591200752373,0.04693287535853691,1
0.3460642060967464,0.37287080529240024,0
-0.17228349724446307,-0.029202349282236306,1
-0.10566839603274822,-0.23344706092442769,1
-0.12069675086862516,0.004342287269149314,1
-0.019631361791075164,0.08053913448607009,1
-0.2846422321586811,-0.08184059874475552,0
0.25449503609206103,-0.3290429499480671,0
0.15831083504230914,0.19766006977968176,0
0.0598866806478604,-0.016797205313564656,0
0.12105443988351167,0.32812976152139484,0
-0.232049362491753,0.17675305282878384,1
0.13068739292204345,0.22314477718568515,1
0.08441243714460117,-0.13281692753164026,1
-0.2801111409088876,0.1612333726152746,1
-0.12488411603144847,0.15006223670859697,1
0.13860047572608053,-0.23404908181195722,1
-0.050290758062940755,0.24917017026915167,0
-0.2642413954761944,-0.12511961639770347,0
-0.10385102548050315,0.10832331647442284,1
0.0014933201918616579,-0.390060618328121,0
-0.25571007002245055,-0.00794726724129563,0
0.170358526175574,-0.07220935532275102,0
-0.001704511305973433,-0.1662495106617864,0
0.20482733594615732,0.3852586906737957,1
0.13603696651725594,0.10921753519369481,1
0.17341431060976742,-0.2470549704864257,1
0.019318684056389868,-0.1087031489947769,1
0.1879896614144433,0.35366835462879476,0
-0.19996495489425364,0.015265790327787965,1
0.30610783486694904,0.18004696997900138,1
-0.20224319474992447,-0.2282598622605291,1
0.23160666078772663,0.27839017772588837,0
-0.09910848465960326,-0.3613375056395207,1
0.2762590585288852,-0.06604876945543586,1
-0.07303641880881806,-0.2591261139816403,1
0.2409700278417264,-0.10619729730586852,0
0.004843214535757423,-0.14901680082940683,0
-0.10756663582020445,0.030965392700739003,0
-0.31547144935203264,0.27278665734052376,0
-0.055672885019259766,-0.3418564556096697,1
-0.002593058232954859,-0.14489266133808593,1
0.22336041120778327,-0.3735074548093277,1
0.3493535048458898,-0.061972817356043985,1
0.030998849209360413,0.2648860477610423,0
-0.021495737443373852,0.2797250628167175,0
-0.07146804291703335,0.3338057097509649,1
0.06450080658246476,-0.35002146150348257,1
0.2798992229680207,0.11647561314303956,0
0.18639097164200802,0.012434731919583275,1
-0.27345096433413146,0.3163078196990968,1
0.30704399113605607,-0.2608255565539087,1
0.08622403596104006,0.026134048727084636,1
-0.05463544457600494,0.014308510955924447,1
-0.3020767043911857,-0.26397248387546957,1
-0.32505165402072117,0.11872654773528224,0
0.15029812138628618,0.03563013075335908,1
0.2849335682867654,0.08062344304157792,0
0.21498664513495114,-0.062310633097287904,0
-0.2695112821771342,0.37353376986196374,0
0.050316504849561294,-0.22695651246525267,1
-0.16359083006621583,-0.01613644460128205,0
-0.0015014611454949867,-0.1863065768299614,1
0.09722249735875604,-0.17320969425969698,1
0.08246161487678583,-0.047079226245708594,1
-0.13510566071942376,0.0906381212930828,1
-0.34176016538062576,0.04620416370366376,0
-0.09278555974291391,0.26460281852470924,1
-0.21625359398789226,0.07806111978910868,0
-0.19332490148028011,-0.33994476463499396,1
0.2704778412784753,-0.24844035238461606,1
-0.2374925062838087,0.24909181873018538,0
0.1618570192118085,-0.2561464070005737,1
0.14036491831518116,-0.044156068361204226,1
-0.22600215205817775,0.19872835305584302,0
0.03147595862174435,-0.19999687202874253,0
-0.34129440970544195,0.3236008758537131,1
0.06795705325494067,0.20780923823484942,0
0.25232534778810445,-0.1115093179705226,1
-0.2732095070760908,-0.08969767618487862,1
0.33087678523766884,-0.16875738809427238,1
0.050045852240805655,-0.21419221718352804,1
-0.2804129822663468,0.32983619630522965,0
-0.04885213767978264,-0.08111127279587899,0
0.07077750970399538,-0.25679748769890387,0
0.33795035069870194,0.2783499957490918,1
0.05399131012600078,0.0005954988972001196,1
0.30002911079453964,0.3748074364201952,1
-0.18947443784414877,0.34732691222716705,0
0.020721389850098082,-0.3126655999986671,1
0.04953815748593726,-0.08109652534574086,0
0.010842084060878832,-0.24738157224992374,1
0.27684741305887384,0.006510972749083854,1
-0.13331942508883357,-0.3034582341177636,0
0.22495978686467633,0.3209535491839566,1
-0.06744365503152855,-0.16064473118757744,1
0.2173584198166626,-0.2569986893084282,1
-0.05969652876464504,-0.23412686423155116,1
0.19930918866798053,0.25743660014397174,0
0.0016149292579814567,0.19303533617027724,1
-0.2857389563439376,-0.2563290169924257,1
-0.14167937701770997,-0.13147791656328717,1
-0.020432839735782193,0.11867524231606319,1
0.23306898060059533,-0.006051660090128919,0
-0.16265752255655658,0.3654820156624653,0
0.34481531569647506,0.2927756806866686,1
-0.05509372839726001,-0.16806618141962215,0
-0.03505835959519571,0.34334852968230156,0
-0.16482301127193047,0.07847649286853275,0
0.14645755861907234,-0.2365445247901552,0
-0.23069062865952872,-0.1460813637367357,1
0.28313338589302084,-0.38396627413911644,1
0.18200187647957033,-0.3122111436391548,1
-0.2098177543547758,-0.2447601468753282,0
-0.10223845449446564,0.24635727524571216,1
0.15922133563394203,-0.30509517341991005,1
0.11607359172278758,-0.0433355967378562,0
-0.20579465592387822,-0.2581417568882767,1
-0.19347749665597694,-0.04160341537456674,1
-0.17438600612550195,0.2323325085374982,0
-0.043930896939824826,0.2619217454509386,1
0.22239106252098895,0.13532288214531385,1
0.3162396546791476,0.22569279822429844,1
-0.10790162530514796,0.21977029786272584,0
-0.2102652661221498,-0.1757527681933822,1
-0.16704949804657304,-0.17819296318067998,0
0.12469022272865249,-0.27991513771448223,0
-0.23854925791539913,-0.11806975743619214,1
-0.1412383493295975,0.0956964769282802,1
0.013558151403953111,0.2591992346832719,0
0.1947024675870097,0.05754082678731931,1
0.1665775791567946,-0.059022495605798475,1
0.05278938089135016,-0.33590889122787315,1
-0.04430466520254017,-0.23425629474379833,1
-0.17606279870065084,0.04318954724953211,0
0.0038158711234079212,0.07556896432972832,1
-0.27759730330018906,-0.3305719876964953,0
0.27189589275316006,-0.016197442733603296,1
0.22851285092950946,0.009158201079027262,0
0.2411522170056014,-0.32166436902154527,1
0.341744276928886,0.11707523655361951,1
0.02676451584266959,-0.024405326811800687,1
-0.17599315347022956,-0.10613937849398258,1
0.048700100587286854,0.30067641587817595,1
-0.11512002090266207,0.2482419206390003,0
-0.1307226908235889,-0.26068505351263555,0
0.1516534096958122,-0.2042620069926703,1
0.31906068701271817,-0.07674055935433977,1
0.11589668075039472,-0.39127482433258143,1
0.3420031108253523,-0.24670088167007276,1
0.09023647878529101,0.14216874751129205,1
-0.21864861935581262,-0.23305751972289876,1
-0.25516684325790107,-0.3396458059253158,1
0.23269438721383984,-0.026836685471150035,0
-0.18522271805254492,0.2461531872109768,0
0.06556266905196312,-0.23534029951639346,1
-0.2820864923452786,-0.18173691441144052,0
-0.22165327884258826,-0.3808544632939146,0
0.08573011480564346,0.3347881757705554,1
-0.20858941971682388,-0.09233031775698325,0
-0.21075833399601537,-0.39011133966847056,1
-0.29063915249794486,-0.18766832352376062,1
-0.24598544265027905,0.3902700368491817,0
-0.17087938356034973,-0.3254538614736025,0
0.2626182405211649,0.08203045811802373,1
0.25977185892840293,0.16286969025474485,1
-0.20808634786037583,0.10425571069398265,0
-0.291827803204607,0.17362019400707618,0
-0.006934607121327874,0.24247522210604744,0
-0.13800957932558722,-0.2075875523285892,0
-0.04545541430248279,-0.29056650278105445,0
0.06468018442848922,0.23087443936676688,0
-0.0643796557019306,-0.21025280022143492,0
-0.2224425224978448,-0.10284077297932964,0
0.0762663005556019,-0.15073414804945973,1
-0.10455903837391597,0.04470643936790297,1
-0.05511870201061575,0.3007116709760197,0
0.19655564397321168,0.3857056720383064,1
-0.030185088057885057,-0.3829413196915247,0
0.3117476859613427,-0.3599727109727846,0
-0.31475706568457035,0.28125840477665853,0
-0.021595196639772107,-0.28824655846839464,0
-0.23400957403901512,-0.26609053585091047,1
-0.30300323755674574,0.001924010934851228,0
-0.3325365522745719,0.003921652732543968,0
-0.03828055617696369,-0.13941069597700978,1
0.06652204582996984,-0.29862741478430516,1
-0.12840428001948,0.17759974677444124,0
-0.15153466205537222,-0.03045062792082237,1
0.19946461364466284,-0.20361112285779798,1
-0.33722975465711447,0.15640525096036306,0
0.19651315894359,-0.17290412430783625,1
-0.05218969340844115,-0.35240949382660686,1
0.06776449787881694,0.10665186098104518,1
0.05311824331457038,0.33346471637557096,1
0.005382302333780953,-0.0707424009228016,1
0.30966776122249784,-0.18439596701812785,1
-0.18553842322304787,-0.11890829997481384,0
-0.15357150069645403,-0.1500994694315022,1
-0.12368605883757885,-0.3630720294735448,1
0.2279679369036678,0.08443987921227203,0
0.16798393330453898,-0.014633919837499676,1
-0.04815551569341148,0.3491348493004126,0
0.12178658019451355,0.32448758102038056,1
-0.10958066490949522,0.3297061705272458,1
-0.11822092482371149,-0.34100689206125134,1
0.22328297692435184,-0.39255562674555977,1
0.17530025121521542,-0.30678455391217097,1
-0.206038963889278,-0.17193786577048417,0
0.14174216940586631,0.3585115859627961,1
0.2359753206798908,0.12329935011285509,1
-0.03903000651143762,0.2338926229201429,0
-0.32780733660160666,0.3526571041591239,0
0.1402290620039156,0.003224074596257842,1
-0.13818518459427365,0.20908141025820892,0
-0.07808981276934174,-0.2360532898446441,1
0.03546393985271823,0.019865337373988212,0
-0.19218013002995396,0.30449684827921253,0
-0.3087090902599159,-0.13633058486384186,0
-0.006973191552990754,-0.1734011855933452,0
0.16707139920201808,0.293126509109628,0
-0.013916387496662519,0.17264471303888929,0
-0.17586280711032926,0.3657834076331733,0
-0.03612856670374026,-0.14147444820656524,1
0.14904907105698506,-0.02298077654941244,0
0.15851203530688818,0.29300716336199706,1
0.15359274748190999,0.32409666964560147,0
0.33432619338119307,-0.02325485372974806,1
0.1792167040157564,0.047339438112130594,1
0.15477453844947076,0.22636657435280727,1
0.0377195458553925,0.0860708514279988,1
-0.32071103625299296,0.03913629833280752,0
-0.28244935725223663,0.08792722101789929,0
-0.043589653520538174,-0.11724560474936324,0
0.025862282504012846,-0.04021864062363123,0
0.2309519830144242,0.3864647020513935,0
-0.052622892241225405,-0.17056009348158954,1
0.10011136567247308,-0.03920407781328894,0
-0.0033776420264884366,0.13152376426155377,1
0.07342087292381944,0.26508714310636294,0
0.25280586967427765,-0.27067568530476727,1
0.16767857230133776,0.3264167540672366,1
0.15552931111258117,-0.36614783513417115,1
-0.23057214627813588,0.32074923264719235,0
-0.30594213968052053,0.33874840135679996,1
-0.2646222070804687,-0.3553891275108792,0
0.17952318216526097,0.38527437281907817,1
0.030431861469130017,-0.2976718472223386,0
0.322126816182148,-0.2963924457480534,0
0.34250344139828304,0.3062304390969953,1
0.14745331228990421,-0.08933387772482665,1
-0.07215260075062291,-0.35118107924769754,0
0.3317804567594963,-0.15013344699830125,1
-0.22055680282176493,-0.10890936313227279,0
0.16694860840429393,-0.38069386832242663,1
-0.3194295448070888,0.36812729571652414,0
0.0867329916578668,0.3886814270008234,0
-0.15005060665581385,0.174046712552425,1
-0.2961171275260078,-0.08495919094724769,1
-0.11684915366389953,0.35232556401588055,0
-0.31847893054932463,-0.07359993453783187,0
-0.29690780010351564,-0.0806803981573756,0
-0.0008859116380260934,-0.033426527077537904,1
-0.051857165664014326,-0.24819280281335612,1
0.088993510724232,0.3014684766366984,0
0.34431808045912593,-0.11310264772920381,1
0.19114934775252068,0.26990073295060557,0
-0.2265335890069941,0.0040532913688003935,1
-0.013091328062232732,0.03997007863330071,1
0.14193924077760822,0.07827187163088656,1
0.31613303610288024,-0.08274728557361771,1
0.15285132940598967,-0.0017957298057521554,0
0.2183308942597051,0.16497201561522168,1
0.22489305836535456,0.320608414516522,1
0.18539344475555186,0.04673260584272987,1
-0.20620582066127427,-0.09713218383928723,0
0.19218645990758332,-0.21401810642451136,1
-0.2472105425038848,0.11912561846228908,0
0.31851222217702047,-0.3295297470235758,1
0.047864052609490226,0.3410528161444919,1
0.033460050555908505,0.395805903400018,0
-0.24288931559621446,0.23272379151324296,0
-0.2744477092019006,-0.0963785954820982,0
0.015010601463915751,0.05074008741266117,1
-0.12410909095773295,-0.003942018546337078,0
-0.3107750057693099,-0.030421533099781572,0
0.11476750172687844,-0.17008067269023963,1
0.07627178565983739,0.3930036694846647,0
0.3298662260376938,-0.3006446223992432,1
0.14401356466885074,-0.06790876274838525,1
-0.11026962628442769,-0.07263489529680589,0
-0.17290051066117104,0.2658109169900549,0
-0.12264803452724524,-0.2678472938665303,1
-0.010003251221312792,-0.39353692064972395,1
-0.028473326029673784,-0.09270598309065103,1
-0.06650196584605572,0.029597227082321542,0
0.13315171038259727,0.04174442362511649,0
0.1602731561268289,0.022237359271607304,1
-0.23562290542721348,0.3206918870935609,1
0.07495767399985936,-0.2823153285697516,1
0.13557586783146447,-0.2972964004842902,0
0.004425834458964328,0.2696021444424125,0
0.32805984435541413,-0.3971405242720642,0
-0.30710422493198986,-0.05594483329717548,1
-0.19635077770105658,-0.27626439476619213,0
0.30453511221900287,0.3375180358944416,1
-0.21448672411848665,0.3253999362254645,0
-0.07406115963275417,-0.17891895631247526,1
0.1290666115275203,0.11896102527747554,1
-0.05997917297447314,0.3545036148588848,0
-0.31010665247834085,-0.215013154589057,0
-0.2301672348500387,0.31353165200366206,1
-0.05884154690889054,-0.04839195353493331,0
0.11694053588278641,-0.35294037829777425,1
0.15510206037440766,-0.32320333440344334,1
-0.283579338553475,0.30833664723492926,0
0.34171090350497413,0.08770114181169014,1
-0.13565455340011673,-0.23322176428165398,1
-0.16767695854406692,0.2978405006383563,0
0.17249002948914272,0.3251329264320164,1
-0.1432590756757596,0.08915269757954392,1
0.06244614132272652,0.1438469854031329,1
-0.28166731447159316,0.33649404318740384,0
0.3125259078028403,0.3443102721869513,1
0.22517413996692448,-0.0784390647418835,1
-0.17187873054258218,0.20063717442602857,0
0.16388107622108528,-0.16254551960042296,0
-0.054577692913187426,0.2308745321773159,1
-0.2302412203815281,0.19566252642224602,1
0.17394058206278362,0.376755187125404,1
0.2212760867020349,-0.05903305684068999,1
-0.16260255545179764,-0.0993546749298696,1
-0.1547221335435664,0.11368094785786298,1
0.16141012971217272,0.1877429317545024,0
0.24272531343051784,-0.24810639610559815,1
0.2897019748452475,-0.3094522976403089,1
0.3272814422070658,-0.03588576562715062,1
-0.3366882543118493,-0.07709315456810223,0
0.008593158232385767,0.1645247318008345,1
0.29971499255387246,0.2607671981391012,1
-0.012034151467399723,-0.22954315475450038,1
0.14093867959400774,0.002417610446454721,0
-0.29193141780537474,-0.21644609795863518,1
-0.08732674282094927,-0.0921701085723079,1
0.23147532939189308,0.08309255977702346,1
0.29996197378130307,-0.16785259917311646,1
-0.01793794424880768,0.2573826317564073,1
0.03505550616411551,0.11738708788482399,1
0.0015036721919789997,-0.17242677563362713,1
-0.21962676545029017,0.3594435950890329,0
0.08687794588410569,-0.15573014161702867,0
0.009584806516371946,-0.1805864997228903,0
0.12377626039633505,0.042201070397215434,1
0.33681822998589894,-0.31544432303544057,1
-0.10828364708404703,0.3891047072725454,1
-0.08535183220122361,-0.2058077227002988,0
-0.1175476622451524,0.34094856441848087,1
0.29876069611472644,0.3384791202446381,1
0.09440098605038122,-0.2794108629460976,0
0.03143974270560168,-0.036285051139415714,0
-0.2569011280262688,-0.30215463859054514,1
0.2816097944667877,-0.32212983700825637,1
-0.1919843322972401,-0.09835663213852436,0
0.04709789459112401,0.10620838185332038,1
0.1347158190341281,0.21277599257785174,1
-0.11853775773848674,0.2934884875749143,0
-0.12349743391726628,-0.06911963113942515,1
-0.10174973952721442,-0.35899180513385676,0
0.21337336751317304,-0.20080309686519043,1
-0.32234962083267005,-0.37207074808279056,0
0.009229892698185638,-0.18027993195771128,1
-0.12837357964371895,-0.25586678813764296,1
0.3063788507827705,-0.01967600927607671,1
-0.15766149006072191,-0.07596555239151287,0
-0.03694884243009172,-0.09801105338744254,0
0.23705543292565656,0.13633920945678646,0
0.1852830946094285,0.27079658081772373,1
-0.15722377340988403,0.3463414252197281,0
-0.3057311986958911,0.09193452861949503,0
0.17920836668737905,0.3248513177109501,0
0.3098640703296689,0.16534830434661718,1
-0.06934169897077164,0.0018579981655374445,1
0.10672506121951958,0.3172543257804812,1
-0.07695062585571338,-0.3770150610113343,1
0.24364558463857344,0.0757596533861376,0
-0.14434661645372532,-0.24380082654590698,0
-0.04985632662572753,0.11456536118160665,0
0.349022265886365,0.046981219895932014,1
0.10820029534609449,0.23154149021569093,0
0.3253578039556052,-0.17558746347347443,1
-0.15646852875075212,-0.10437511523270937,1
-0.2252722319533954,-0.3730194291011555,1
-0.085741383677082,0.26852049188925153,0
-0.15228504931713638,0.06793504864116989,0
0.3198662875909162,-0.2815454648287147,1
-0.18248768368803664,0.29888611788448194,0
0.03783449173115355,-0.21050048628000362,1
0.13988879376523378,0.22873123309438592,1
0.2084533675049982,0.2651550045662957,1
-0.07934677996068645,0.034297247552768195,1
-0.3079486117211159,0.3525320681244446,0
-0.2348157698761988,0.3097179443251278,0
-0.040362116087547306,-0.34114366414854935,1
0.16947048895337047,0.2931239417205811,1
-0.037058370460753276,0.29149429264019533,0
0.32157884574596496,-0.08626690282622784,0
0.2718547986908917,-0.10416465357380977,1
0.0797400315695877,0.08499234988032223,1
-0.02258621894579077,0.2726404448855404,0
-0.2688168715384744,0.34830941280005445,1
0.08310743256507575,-0.1899131642182441,1
0.1000058960512149,0.23010747288984312,1
-0.2980405076617681,-0.21617348495760452,1
0.17973293965152082,0.19249795045700935,1
-0.23394794666884375,0.051226765770962746,1
-0.15435663301691502,0.3137007695871159,0
0.3466448827627562,-0.12435866556985958,1
-0.16307885695986457,-0.37320043590102636,0
0.23896067975782986,0.26999640011307136,0
-0.06130162711582787,0.25396647521702365,0
0.10657070726704138,0.22873174656221085,1
-0.191293332463846,-0.28869749063795774,0
-0.2459740436721315,0.274811231888313,0
-0.23223284841261158,0.008219722682571817,0
0.10344698306019767,-0.1684054971843109,0
0.1850637634373552,0.06546159016871683,0
0.027797454376041753,-0.3837732430875357,1
0.1520389541270658,-0.304522067178132,1
0.3025791441110105,-0.008300104772659078,1
0.05812390233888498,-0.05527357309211345,0
-0.09869374153067911,0.11178478101550815,0
-0.18328277872571172,0.36095052107490544,1
0.08282227624732647,-0.25770480292726133,1
0.32567626812984385,-0.08741863264295047,1
-0.34856816231166343,0.3949836283557222,0
0.00968791779350725,0.21736545147254605,1
-0.01589980170595523,-0.14292659616060244,1
-0.06431699272980151,-0.36868771323547866,0
-0.34395780189654657,-0.22757959996527743,1
0.02092021957970902,-0.39281298131702674,1
0.026096309643204363,-0.2549343944545597,1
-0.03750617958435609,0.10264311393454562,0
-0.33380168227054263,-0.13892707376183439,0
0.33258806699813337,0.3288245123854029,1
0.055294634861196235,0.12617599876119379,1
-0.022712302981574062,0.2651265890722385,0
0.04917528685944106,0.3079520407122738,0
0.11765783650415224,-0.31304484900248747,0
-0.21986666025283466,-0.2882200780560553,0
-0.11228214183131921,-0.14280724522734012,0
-0.11731074303126754,0.33615003017891554,0
0.007197207759119306,-0.010849538477671394,0
0.21060153370673684,-0.2565507654431418,1
0.11466092431654573,-0.3746032497994862,0
-0.19582868103914014,-0.21837936776433686,0
-0.06774642805834741,-0.05284235245409674,0
0.2210764755042116,0.23608065266610567,1
-0.07181843859635662,-0.3236628879885138,1
0.0440347748807306,-0.06702041363247169,0
0.11867734553923864,0.24236061860378866,1
-0.13715467776761053,-0.03396155017653496,0
-0.23928752886550153,-0.10379476367508716,0
-0.18789424751850461,-0.024265182940658048,1
-0.2608364114806002,0.10258459476201376,1
-0.012688366582744137,-0.05697587839828816,1
0.1702192567748917,0.25799440848884236,1
0.11786115541299103,0.31947891963269337,0
-0.2531334826051504,-0.31496181586268623,1
-0.2020082291591164,-0.2909187759611662,0
-0.2746662503286858,0.20222247596519383,0
0.2139356594909939,0.3801821731876367,1
-0.14966738233257626,0.23163454238805392,0
-0.01912796023205482,-0.33770432499835423,1
0.11447009070568687,-0.11018202755995637,0
0.01687683706861104,-0.12661018159062393,1
0.23600872488464597,0.32282024312854396,1
-0.2635677615360975,0.3535204667856797,0
-0.19493494863983493,-0.01948292316942213,0
-0.2909507509964388,0.22036262706014498,0
-0.3075283589373617,-0.08402181955414117,0
0.12605197698716425,-0.2329715727477849,1
0.2880057155590765,-0.22038378092229066,1
-0.2732666945920595,0.3383044445594128,0
-0.12539163218781024,-0.0019057048295826329,1
-0.2505276638635297,0.19287752424041416,0
-0.12114435690845851,-0.09767135330675802,0
0.11757666635872971,-0.0021348054585380583,0
-0.2419916700731114,-0.3323127601111107,0
-0.10470954244157338,-0.3469983556964481,0
-0.012649477720915014,-0.06630115871793929,0
0.022248191284409524,0.25957339189754136,0
-0.2676889624203218,0.34380880275058323,0
0.2454844957441994,0.12478499829133916,0
0.27191867438706674,-0.3201498739277324,0
0.14507518202287722,0.188860587464996,1
0.009419802909328145,-0.1529744822586687,1
-0.07773720885073948,0.3735399176951869,1
-0.20620666582659244,-0.06798978966850794,0
0.22397815260627285,-0.2658333558508981,1
0.2256287453052256,0.3040055467868962,1
0.1629199465765322,0.3103373499197405,1
-0.2672019039850209,0.27896979959073265,0
0.27816289560211915,-0.1302659506124444,1
-0.3351092122958768,0.3670689657071995,0
-0.19541438790677074,0.284013565633499,0
-0.09122184732182342,-0.2145898900688623,0
-0.14389244511884752,0.3146406208368,0
-0.2824241291765548,-0.019860115684925628,0
-0.15564895985610305,0.30087564921750454,0
0.32752690902368153,0.07019477994778922,1
-0.2980247759388057,0.18598373230440013,0
-0.09140436033128457,0.21119266987759022,0
0.1943366848604835,0.2846047281980666,1
0.24169244407191803,-0.13367873268672875,1
0.010608381565941127,-0.32208720843055805,0
0.02143983919538528,0.1486672396614337,0
0.174107926395057,0.2748960444838541,0
-0.32443600037701087,0.15701090709642118,0
-0.08918418577176218,0.25279808240405166,1
0.17276733911831943,-0.009820387218554327,0
-0.14901728418532964,0.17791776893851652,1
-0.07962936816499877,-0.14434034888045816,1
0.2770404041413449,0.3631174347087902,0
0.19504832168976927,-0.3125409737842695,1
0.3166816760943072,0.37103394961373837,0
0.005644241903387248,-0.2763029509920884,0
0.3322456643575801,0.29073933960562537,0
-0.249420028622788,0.22025599768173076,0
0.09328465016842019,-0.24960191604470552,1
-0.14459600042998833,0.29566177523715653,0
-0.31016379398151195,0.08935105104955621,0
-0.2899810381445701,-0.37435463671009056,1
0.017475392080323282,-0.13570896960048423,1
0.1983200829446211,-0.10957712603843694,1
-0.09647196219473753,0.3657330492472689,0
-0.05278695463209032,-0.036457785562198475,1
-0.21374378986484377,0.02071660217252369,1
0.13478016169988938,-0.2816377089310753,1
-0.3434194858835772,-0.2758380236898725,0
0.2842127739185145,0.11169017162401063,0
0.09105152334403654,-0.0840349734348389,1
-0.3412487867603805,0.14272661074568327,1
-0.2160470139666481,-0.23593000899777136,0
0.015295742303488125,0.07136682436324443,1
0.16164847617560807,0.25027851579014526,0
0.21959776107588513,-0.31794902137355874,1
0.25961371394414545,-0.2049372289921558,1
-0.21918775666861454,-0.13977630559050302,0
0.10389347585839664,0.20970171414411098,0
0.13335815488856217,0.13061691338007908,1
0.32955550149460866,-0.3639968287021117,1
-0.18486958951270654,0.1452453145303324,0
0.08844273734885244,0.00850156683216019,1
-0.2782538352681498,0.2928296594606151,0
0.07756937628314475,-0.3506184886770264,1
-0.2808821704492436,-0.27767785550655566,1
0.2722456444388971,-0.06902083172344148,1
-0.22151991808844312,-0.2901264458764016,0
0.08768881507044063,-0.23321709381609157,0
-0.3231404783570481,-0.12018735248800122,0
0.3081964962583317,0.2103467434323928,0
0.13904005415724824,-0.28380944722342616,0
0.11528219145181734,-0.2940555292615541,0
-0.1957736455641609,-0.27927720728694,1
0.2324140901899293,-0.202157042881713,1
0.3265417355662671,-0.2439101986315082,1
0.2495077486821239,0.3531644185732129,1
0.07944870513891517,0.1878271822593638,1
0.28810739174385847,0.19481345757359825,1
-0.3467168939569192,0.15398478142023753,0
-0.2913471775438352,0.12034153738668729,0
-0.15166922425695126,-0.011801665509407422,0
-0.2357594838663848,-0.0417546175974276,0
-0.2845475523834001,-0.22342478008069788,0
0.04213058636114514,0.090951114371921,0
-0.051628692862102366,0.3857801152817678,1
-0.024020318809879315,0.14185257370602677,0
0.2726282232253827,0.1823672010550127,0
-0.04101625003408632,0.16318037047075962,1
-0.13970391996034892,-0.20932771690938357,0
-0.19201115901891835,-0.2156146072102505,1
-0.23090727922708554,-0.015324864941441863,1
-0.24647758494301228,-0.13918114241966872,0
-0.0830536937717325,0.11316805442073263,1
0.14071789692986109,-0.34797906312720034,1
-0.2323915877971385,0.045916388032773814,1
-0.04158872580071915,0.07105508169157637,1
-0.3114930789568434,0.26960222248953647,0
-0.06215859582960909,-0.1829005965131647,0
-0.18063241904925895,-0.08883983431872816,0
0.31667948849971783,0.017361638090898412,0
-0.3265247709873682,0.35758613596471667,0
0.009984802879127175,-0.25178809682583464,0
0.2989993200998592,-0.03203331913515922,1
-0.30950516046154136,0.30858616069381795,0
-0.026546331944192647,-0.21328345805016521,1
0.014187341753628235,0.0601123056707108,0
0.24644158018968132,-0.1045463162564172,0
-0.2527169952870471,0.32212637163824986,1
-0.30570334538059635,0.20724177024035673,0
0.30336281745582383,-0.02204197446733075,1
-0.22422481041047362,0.3396603844171877,1
-0.2732148079174362,-0.36659038634632835,0
0.052112219796704995,-0.0027958228089879356,1
-0.11976229591804238,0.13887786827544557,1
-0.1491891945951925,-0.1642503428139814,1
0.0397413054425767,0.1950187543208497,1
-0.33970782376156805,-0.10730801545982527,1
0.12053373923611088,-0.15114985975374085,1
-0.32478325556620063,-0.13604394402243786,1
0.15958885828988223,0.2821215621819543,1
0.11551324801785184,0.024694453821922813,1
0.25041836541382456,-0.351367271908156,1
-0.2691729232453498,0.029376816280097973,0
-0.18281020417280716,-0.19071699670865502,0
0.33180801636288604,0.3128797525937199,1
0.24919192147007552,-0.19567190850401828,1
0.028851085750005445,0.031887343992196115,0
-0.007437519205878651,0.12573378365083787,0
-0.11715009353087144,-0.28070457849018643,1
0.013138474172722348,0.23639147603261423,1
-0.16712761442978213,-0.15640976583789223,1
-0.03034142841047055,-0.25543646943405895,0
-0.007850367653725654,0.3046688082032579,0
0.13048772901812944,-0.3582514727288431,1
0.04698982519427197,0.3332297139768089,1
0.1020134665188116,-0.3950829973272629,0
-0.21357155633778224,0.2861663789148623,0
-0.03305815395897249,-0.34977983846552957,0
-0.23999914251018906,-0.3834431468778582,0
0.33184350017852715,-0.3420862795459277,1
0.24780386530110232,0.283960670859025,1
-0.319613384610278,-0.022819027810168868,0
0.15688311033223068,0.0768910334015051,0
0.12253088065075418,0.3617273260277404,1
-0.23492450406274107,-0.1783404885375302,0
0.3283525919907575,0.3506508185539462,0
0.18540223539457956,0.06928355616519843,0
-0.2718566313521369,-0.0007616998583139245,1
-0.32675160347212,-0.04197319874117367,1
0.12934313413058451,-0.297487923877313,0
-0.004130192652806286,-0.30431032399006147,1
0.23557232716502952,-0.30189953283629384,1
-0.25193050087913643,-0.05901115404071511,0
-0.31625766463552846,0.13223946355311544,0
0.1925896574555872,0.1828661886247912,1
-0.03163196097138693,0.18969049764719403,0
0.18298768946467248,-0.18820992452498084,0
0.038415825161048966,-0.27350886381097306,1
-0.18857359647048122,0.16660024458933864,0
-0.3158755027201499,-0.018301442169978255,0
0.1336745156065957,-0.1891750313343981,0
0.09838228447845421,0.18247034136881446,0
-0.30178707246109765,-0.14514742871658426,0
-0.26065621096219926,0.12964477743720537,0
-0.010857380794808358,-0.1611828964959302,0
-0.21634761111430056,0.33244409737132297,0
-0.3295062059390219,0.14547618489484804,0
0.03592279548701449,0.17595421368001762,1
0.10675200955973085,0.35711328741070303,1
-0.19309261452707377,-0.09305368586664953,1
-0.2870623260584127,0.35668641761762776,1
-0.09213511699357207,-0.38264099598912804,0
0.021016004351577855,-0.3370875738748998,1
0.32038084079922746,0.2598764791049375,0
-0.2585659398043231,-0.08969258008355485,0
0.316275565605189,0.10699340247490075,1
-0.1086709971730099,-0.1341900589245822,0
-0.1658504707011537,-0.1873247165591586,1
-0.15948159639902076,0.042699340988494316,0
-0.1908841903083122,0.1828516251317105,0
0.009920821997150608,0.358870974706773,1
-0.24869146906355105,-0.04008414832612034,0
0.24123395324774755,0.30411804597919034,1
-0.06192981065704617,-0.32407535484439864,0
0.17367216831311927,-0.06763638745742939,1
0.2760232544951372,-0.0002796699721406837,1
0.18268989843688277,0.32408811976775087,1
-0.3227361223638603,-0.27806801053381913,0
0.11965131497321768,0.3900207355321105,1
0.08034589268079889,0.2630088878649701,1
-0.014014500854610035,0.30087817237135617,0
0.3345651086146465,-0.3167272531870353,1
-0.305967616756915,-0.11226341903025194,1
-0.1715784111555482,-0.11636293013629112,0
0.23004260080008243,-0.3286518430812258,1
0.2924091593512894,0.23880820883520648,1
-0.009269008291084735,0.25017874293993003,0
0.026076939436019186,0.2782414620194563,1
0.13927275473496914,-0.030765574192114564,1
-0.044269426171307025,0.2632817472433955,1
0.07201905508803791,-0.18160927716909683,1
0.22826378533011737,-0.1524803818874655,1
0.08428009041341505,0.2003122505758358,1
-0.29858769722658,-0.16231346211711817,0
-0.3260381268898705,-0.202383980857815,0
0.1006562955143952,-0.3944135797116193,1
-0.13400941119266108,0.14868682962234558,0
0.07637489014796228,-0.003057830932862715,1
-0.004984361101704193,-0.33326963146340055,0
-0.04176063391596757,-0.16660507059093402,1
0.019520327518811942,-0.1605982924661115,1
-0.20878679668311448,0.021962618540619316,0
0.34922299719701533,0.2206124489450062,1
0.31616818975998606,0.24434943778002838,1
0.13224158111279322,-0.293115935572044,1
0.05464548534425123,-0.06622701147794335,1
0.028229247474996277,-0.18238231132407892,1
0.25146156445644063,-0.29621492307937203,0
-0.27569245052292063,0.06585472935767778,0
-0.006611292401762003,0.3150617165477486,0
-0.18300295669009312,-0.17543614564944265,0
0.17414380709077737,0.24433191146337474,1
0.26802165223267416,0.2672644003552319,1
0.2090507564450147,-0.10018147465424054,1
0.3005894863084292,-0.22382993384633176,1
-0.0020251517912908135,-0.01989544863863274,0
-0.3152229586008675,0.07892128395386616,0
0.257904731997315,0.027589038919811237,0
-0.058038792468007416,-0.2794495689434124,0
-0.08258624629333378,-0.24969586249780618,0
0.10020458146136618,0.0220770282091049,0
-0.18186639145215194,-0.027448312423739463,0
-0.12962317922029745,-0.3422782510608305,0
-0.32025650496347796,-0.14667331115737642,0
0.270421029889543,-0.311145915715372,1
-0.17929682662046662,-0.0010403293172037142,1
0.13366287707450364,0.2497410448199141,1
0.29371167571028134,-0.14093225818382749,1
0.2004392589646281,0.14959001444472908,1
-0.2791746119410806,0.17015405642214054,0
-0.002636571563503276,-0.08804140488715806,1
-0.10924122160326274,-0.09024444218583572,0
-0.22323036894711573,-0.25698188792825905,0
0.2906204433912595,-0.33027638805825527,1
-0.046240955606917766,-0.3433690020802523,1
-0.19631892723636718,-0.08841353160587184,0
-0.18815808666892736,-0.11114671987924957,0
0.04150920370518302,0.24959180302132322,1
-0.23090726117621874,0.1308322866571746,0
0.3083144759924039,-0.004769467502186764,1
-0.26285409626156414,0.033887621996907646,0
-0.29210127148365717,0.3663273427487218,0
-0.282398053990655,0.12081835003806529,0
0.005296172235812413,0.36255815401819225,0
-0.045798020385615756,0.28555366104791213,0
0.1893597601714041,-0.06023618972566103,1
0.29895795986763807,-0.0015088641564728889,0
0.3130411340198198,0.27681703699363636,1
-0.22706944627127829,-0.06803462633706692,1
0.3102846298391595,-0.08831442837124726,0
0.12397096553190479,0.2561764125054292,0
0.2793326455566175,0.2441844545015759,0
-0.09614978858614792,0.0542665179185719,1
0.00022679415910842327,-0.3422391155072216,0
0.2028045276811936,0.28948984854373616,1
-0.1466387094007846,0.0392713670213215,0
0.02432760171142817,-0.02754761722603316,0
0.31069611710831535,-0.2890292547937609,0
0.30999297520176794,0.25565601080020983,1
-0.0783255083645486,0.30698700623217634,0
-0.13369307182392326,-0.35815581624371867,0
-0.220420703020134,-0.14102077909976307,0
0.34681777710146255,-0.11757633217316821,1
0.24912277148359763,-0.09915891227330931,1
-0.21594093195105885,-0.1425129467439214,1
-0.05301926231024495,-0.37487109063805807,1
0.30656948520358374,0.31878816278547284,0
0.0595987527864712,-0.08184600721617719,1
0.18355454520351933,-0.2759146367481049,1
0.2990146226509901,-0.2647301849926389,0
-0.13481155693134755,0.2884517756482261,1
0.1804817591515444,-0.19837037161407772,1
-0.14250157082736606,-0.14655770553302788,0
-0.03546312308755706,0.25378181855969184,0
-0.12057709253597332,-0.06602312955275885,1
-0.21220498152648626,-0.007465238923869855,0
-0.22765045238591586,0.39190371571875005,1
0.2746620919737931,0.20983192665659745,1
0.30696647007222777,-0.26319428738141515,1
0.3058999217105143,-0.39271640459159984,1
-0.2773326636444114,-0.26419424988820933,0
0.17134967162539372,0.29663475974502374,1
0.026450694442134826,-0.22224305414506854,1
-0.22581463575561217,-0.0333397817227441,1
-0.14661094076638595,-0.06571320467291841,0
0.00790276162421577,-0.1417638200308754,0
0.15177139960030572,0.23864378858306023,0
0.267342840793211,0.04344583544616076,0
0.0923447439404011,-0.08745726508544394,0
0.3216109862486589,0.02094135681991871,1
0.12963914450281788,0.20054447859588764,0
-0.09697414590194287,-0.2360173753659244,1
-0.018092802001880903,-0.018648475638596118,0
0.09613549920171138,0.3416409857408762,1
-0.10050744937804193,0.04390894499052134,0
-0.1525592028077491,-0.3543952180329165,0
0.14013597999738414,-0.19617247376690675,1
0.13550622716444133,-0.11501684069604307,1
-0.2855436637795461,0.12319049425739592,0
0.09298591816864726,-0.3176234662863311,1
0.16294315472347187,0.31283629899793597,0
0.19763647868056722,-0.2552372003486033,1
0.1442996860049618,-0.17706648409230638,0
0.014953053057619958,-0.008407342221642633,1
-0.14584027323333093,-0.0317394802716911,1
-0.2054260639436738,0.012952148103815897,0
0.198491142840173,-0.08564519437142709,1
0.10117964007565355,-0.14923256440169003,1
0.29782994985155353,-0.33082321657438607,0
-0.21411960695289278,0.3170886245029565,0
0.19937444969681584,-0.3775422133321529,1
-0.06765058886937597,-0.29860839404645834,0
0.3370717341533621,0.38604115290729624,0
0.28373220946496536,0.3170750408378248,1
0.006732941289900873,-0.170343790507215,0
0.2758904186239237,0.22469519706862584,1
0.15638359198500917,-0.32843603527138604,1
-0.28998437711701935,0.2510174761293178,0
0.013170898515177776,-0.06667915367937371,0
0.12017344994010898,-0.10884969187658272,1
0.0281633852042113,0.26968076653768225,0
-0.3346946501226559,-0.31016125087692936,0
-0.21360117006609278,-0.16301172903398192,1
0.3073364476220404,0.24706824103994274,1
-0.22652688044125535,-0.17723606514258414,0
-0.07067557415659848,-0.1521142569619702,1
0.017988349374490786,-0.29369623605211875,0
-0.09064504473256446,0.1998840624718795,0
-0.29112399390157456,0.11313985759847323,0
-0.3433316948097396,-0.31297095469871483,0
-0.08228220355844595,0.27001933764007713,0
-0.15076629542251535,-0.15590175440226198,1
0.002391709799467956,0.042482949068432585,0
0.2772607585185406,-0.13016504670633594,1
0.17306588694745995,0.21857290822559106,0
-0.12675832841029214,-0.04369781110898757,1
-0.30324152440076835,0.0793019412180328,0
0.19985000573855227,0.13192511187086564,1
0.1267120702371235,0.36643658771178156,0
-0.09607445342383741,-0.2518902877955037,1
-0.2790730997854726,0.018316017270226748,1
-0.24196721709979366,-0.35413601837980935,0
0.2669951493478575,0.2860669198751987,0
-0.007625301032529619,0.08384488171249738,1
-0.22536184602049725,-0.3900815849149141,1
-0.07246085948942976,-0.17773605578633306,0
-0.20916310660325627,0.2407287426972896,1
0.06429517202846613,-0.14194066900535746,1
-0.30029846088242723,0.3999261730458332,0
-0.1022294873054487,-0.25818279417901185,1
0.07306408145685472,0.10557632628572233,1
-0.2782025481340515,0.1808621313553801,0
-0.3098939517830162,0.31210128157354844,0
-0.20525614849126578,0.1657599878293785,0
0.0354759426045721,-0.3280536825018769,1
0.12475669713303705,-0.31808581959299115,1
-0.05477159869256154,-0.2307539379884995,0
0.05178991881758205,-0.030949902651725647,1
0.15527154275625088,0.206551196675134,1
0.3104787028160063,-0.060193089153891044,0
0.18577058544340397,0.12177268806004848,1
-0.34237987159000965,0.03326140792187876,0
0.3433430901522878,-0.3073054211851178,1
-0.12111895114864116,-0.3236675583343904,1
-0.03408849518352458,-0.19664029015467632,0
-0.11417466798529999,0.06641811271573994,1
-0.2841913596683305,0.28161710196030565,0
-0.2794202491254756,-0.2305412377370466,1
0.07002915263909792,0.24564036343361906,0
0.3362583337626349,-0.05644375594440454,0
0.23324558083181046,0.14537129742679067,1
-0.323084686133717,-0.19359342138514563,0
-0.14675847159741007,0.1589167917609834,0
0.26125995375392863,-0.2953810689219698,0
-0.0008036714566014846,0.034490225138156194,0
0.2621330560243662,0.01293086356101042,0
0.24379422411508855,-0.0980328109621319,1
-0.07274375823023349,-0.361248210589762,1
-0.2784332224962655,-0.04547173626879636,0
0.1860789047458784,0.008073778049270786,0
-0.05484466435748231,0.3804269968465175,1
0.21551285209497573,-0.23092456252293375,0
0.04493416893829538,0.3515121225533536,0
-0.22540535921276722,0.13690181919703726,0
-0.31664011153538657,0.213357955831461,0
-0.3066076952527881,-0.20613610217658485,0
-0.028138474120503243,0.23909587083204287,1
-0.13890548671407912,0.30147238330342185,0
0.043793209567979774,-0.0011017943386800733,1
0.055180665813172214,-0.38223468499444285,0
-0.013919419614084994,-0.36065715058742964,1
-0.03312748169725832,0.12562116789257116,1
-0.12888053295004406,0.1792030308504905,1
-0.17194312106522797,0.14919574026524107,1
0.2523284566455374,0.3662632699817937,1
0.24607131729294873,0.138190531594793,1
-0.02443368198972301,-0.23414306187506473,0
0.11809800188821001,-0.39075090802794793,1
0.18832906509019343,-0.03810787006140187,1
0.29459545069371285,-0.07269497361344462,1
-0.31755833483413615,0.23588317765671762,0
0.14112633713879086,-0.18612946971148805,1
0.16467091042693027,-0.07110390534360356,1
-0.2529789948382779,-0.20093250716946276,1
0.07357974472120593,-0.013896298720055156,0
0.19967196001138177,0.07566144867716407,1
-0.16965698231964962,-0.3121113859576937,0
0.1654391423686261,0.27571478720680886,0
-0.155257869702122,0.2713402706715148,1
-0.04797572649693449,-0.12046991801932266,0
0.08161579849145911,-0.03397000248055593,0
-0.0503172506532194,0.3303474101179419,1
-0.26536916539338007,0.12744135267960321,1
0.13017629873288183,0.16776860647371872,1
0.05984670459228758,0.32744084377812666,0
-0.27745563986288785,0.1918716466075594,1
0.06758773499026005,-0.38713013725189094,1
0.050811979141517694,-0.33562789134200816,0
-0.2791792021651338,-0.24201383837565543,0
-0.23793118854990142,0.21366080596940773,0
-0.17192104296181884,-0.06405895333453648,0
0.0132966451167017,0.16201620741155087,0
-0.06284880105958623,-0.3256337963314071,0
0.22013782776672142,-0.06167692934901414,0
-0.19680325196464188,0.0712755331982427,0
0.08194792724042682,0.24847254361848647,1
-0.1315970941147768,-0.35358225705076657,1
-0.31451107404847756,0.372280996329969,0
-0.2894029075636375,0.31184353074298266,1
-0.23342418602948856,-0.17260736991596215,1
0.00297183118234412,0.21728062221084588,0
-0.1510808016124432,0.21088750158912628,0
0.10868440628490511,-0.36835722245794966,1
0.27816964493620644,-0.07675457743322484,1
-0.05778420514358551,0.061968875629080045,0
0.039502709181367335,0.22138691494783425,1
-0.31461830792829926,-0.3823711769158622,0
0.20786798526073702,-0.04978416469550834,1
0.2141142744685629,0.35578282542571127,0
0.27761200443096135,-0.06572532562333322,1
0.16611190716284052,-0.08691734263164819,1
0.3454100425952985,0.047769750919241516,1
-0.02446387823038071,-0.19417208231882013,1
-0.32103639268820994,0.061137630998138515,0
0.14589672247403196,-0.3414301468466816,1
-0.1776582065190654,0.3051749086819976,0
-0.3323154584470035,-0.3738763054479353,0
-0.0704098631956378,-0.2549627433371755,1
-0.2833484117131099,0.33877583188875005,0
0.3485728712438051,0.3634602413122613,1
-0.2108234058879729,0.06940368432492888,0
-0.08945298128800488,-0.31411302480854303,1
0.2969683327625958,-0.007815662519944755,1
-0.33813002212808513,-0.3789664288127802,0
-0.11587384331808967,0.0014115535748944197,0
-0.0846470817360303,0.019045290591795272,1
-0.07208566196337629,-0.38300213123434396,0
-0.10448174999259277,0.1893034545212241,0
0.1795024375817187,-0.28605978294080225,1
0.16050028528906035,-0.10775552364498225,0
0.10375691686485183,0.2265485096664135,1
0.03670815478076006,-0.2765450963383045,1
0.04527404651712419,-0.25230493996444037,0
0.09812767272306594,-0.1310709051156561,0
0.1224561671204113,-0.3125899831090698,1
0.32507084528968866,-0.3070196195549505,0
0.10271561486621339,-0.23309893974552365,0
-0.11086918923081798,0.09881214943652183,0
-0.00225685584266766,-0.031192665596259217,1
-0.23033542834156662,0.2795660705112629,0
-0.2998876813514389,-0.28301284199001586,0
-0.2185212119478196,-0.043215324452327786,0
-0.10109932227502497,-0.3164265735795259,0
-0.08794030092693733,0.002260792761631325,1
0.0012864895414325672,0.06731509743711295,0
0.286376968560637,-0.07193889245444185,1
0.1877507484499058,-0.3077054733266857,1
0.0045239483594419205,-0.18620664799254627,1
0.13210985401843278,0.2595579129323845,1
-0.3315636108220176,0.09017363526541977,0
-0.2733826665153477,0.3487913302223129,0
0.24874234525545924,0.09287739414363116,1
-0.20979600940530707,0.38971361828629936,0
0.21320540273391975,0.3842265572278839,1
-0.2982166406678615,0.03289678535381135,0
-0.15290867498755117,0.24183263185293957,1
-0.2491655606443235,-0.06503357761753925,1
-0.1281774110199226,0.1229921248870729,0
-0.1406275725417926,0.1525320121427931,1
0.28438434129301615,-0.19078934310115703,1
-0.32571637892861094,0.16140870625386827,0
-0.2527086999762682,0.32553625072472614,0
0.06267137449232324,0.19194128158627,0
0.3106162376950331,-0.29409333112440034,1
0.0460002456548253,0.36146063139616713,0
-0.28191102447985744,-0.36362138396447136,0
0.25262768399073743,0.2421372557408178,0
-0.09280085674099436,0.10812192984045077,0
-0.2770069492155357,0.013308973618271824,0
0.057461250432101374,-0.3449934475255937,0
-0.0728005532292017,-0.04560641268342608,0
0.019392160634339684,0.14951202219702875,1
-0.3122857935777135,0.3246411814666902,0
-0.2878071698890331,0.3611155457259667,0
0.1372416379352519,0.013871901001429432,0
-0.2147836401076061,-0.05463274312172278,0
0.009008329337709342,0.3789316998472606,0
-0.0007841760244220453,0.35168179165097724,1
-0.2804621447453552,-0.03674598548649666,0
0.07974150738752289,0.3356777762684898,0
-0.23358817295793521,0.20073679906409314,0
0.2871614959713279,0.138090541921577,1
-0.10344546297198301,0.18722325785405625,0
0.3397126745520317,0.34625678097112456,1
-0.19725760765924893,-0.037574594404876316,0
-0.09217931299065818,-0.32737898237401053,1
0.23688784083027026,0.3466287890822545,0
0.285918805692586,-0.2787205254821684,1
0.11749205262719464,-0.3267074749198119,1
-0.1401882045296,0.14247151326694762,1
0.28917939637015977,0.22431349347806773,1
-0.006428536231453064,0.35599186980692676,0
0.33274680725333794,-0.2531359245986208,0
-0.017065435411022234,-0.09424776956604586,1
-0.1442306745064211,-0.2511978104824941,0
-0.1352381329541842,-0.29506453747364525,1
-0.2570013771561569,-0.12268673732327384,0
-0.17391869258040268,0.291360308660781,0
-0.17039563175713673,0.27179379989913544,0
-0.02133836928973898,0.055975402133518426,1
-0.23142253419753114,-0.35209482162493394,0
-0.15923582142663545,-0.08382602187258115,1
-0.013448602258066877,-0.3529284117431389,1
0.20363758896674966,-0.3035032278315768,1
0.2025368859909794,-0.30635354209567034,1
-0.2721132091974344,0.17653929865816553,1
0.15791680775489492,0.15253320949295002,0
0.3071528861407272,0.1998941553073672,0
0.31314331315411437,-0.3014198493064544,1
-0.09883973823051395,0.2342488837826492,0
-0.1446498049810348,0.18152011536057566,0
0.20345898311598432,0.2921341215369394,1
0.18831700818474106,-0.13565898184934871,1
0.1498827017005152,0.33031266444883733,0
0.04582032385302853,0.07319179007124488,1
0.2378730415888497,0.0869103829222323,1
0.22726286162736498,0.20357570110296563,1
0.29631784147617046,0.027264069200152286,0
-0.22989188577442743,-0.2798124162570759,0
-0.2646940755862156,0.2260775300436184,0
-0.3109696937548131,-0.0865945945767318,0
-0.14179783029405646,0.10430651123172363,1
-0.13013779325243516,-0.07461689527464299,1
-0.26967595924851917,0.2551916359863178,0
0.3405539538506145,-0.23739925734113207,1
-0.15044543162195878,-0.14068900813484825,0
-0.27002506762888523,0.3917328262780504,0
0.23063875350540974,-0.18887976317405109,0
-0.28363528028442375,0.06935773149834928,0
0.26743428404090275,0.3864959098490782,0
0.09812329796103403,0.2137096968724096,1
-0.23875511411524575,0.17272352943315905,0
-0.12685256586745758,-0.025747302497390545,0
-0.17150394815561643,-0.363495120057085,0
-0.17877432103531604,-0.1952211860523435,1
0.24670882240630243,-0.10753914561973865,1
0.13388766560848486,0.3982189368861112,1
-0.18624229631564626,-0.21338868254099783,1
-0.042672067365590094,-0.3596426804304721,0
-0.03578428765149355,-0.1504482875808984,0
0.2874085976257582,0.07467667069359757,1
0.0436001589937835,0.12349883576828602,1
0.2844601670396014,-0.04982105873540571,0
-0.20639280188450093,-0.36185173445506075,0
-0.29262272521793614,-0.23443222868351904,0
0.1979721837278815,0.08274069631942416,1
-0.22406409057528198,0.34113780731670873,0
0.11237564031584446,0.28599065861294914,1
-0.2846048712242277,-0.1459620616296206,0
0.3393823350708507,0.1868965875880212,1
-0.12449490578483532,0.3930159771797067,1
-0.21844099949144136,0.02622649783045866,1
-0.23728051928133181,-0.3863785180954077,0
-0.2971351978962289,-0.3250601470770675,0
0.2138296152649456,-0.1360456757016268,0
-0.22508956038405592,-0.3462775143676572,0
0.08961239418355543,-0.29488986564876196,1
0.333524312901466,-0.19805506491021785,1
-0.2273300171384977,0.37779464423678666,0
0.1302821546612032,0.34928514142348444,1
-0.20473698547617905,0.314133336978626,0
0.014978543806522748,-0.2682626874389653,0
-0.06636783524699297,-0.13266982504959862,1
0.17268517416410456,-0.3617061644154596,1
0.03563021957126894,0.2680728141607006,0
-0.2449043795302804,-0.1001304667984349,0
-0.15396853660828963,-0.06082881161156228,1
-0.07579250927167736,0.362405831987626,1
-0.09031910696081064,-0.1895919758426845,0
-0.18082298526776736,-0.30147650814728977,0
-0.21272622260339785,-0.05698951722925,0
0.046662099835542314,0.02233582609632273,0
0.13274560427778104,0.06657403244595378,0
-0.024767395452355845,-0.06725119516636202,0
0.04258357165435811,0.24018126117988803,0
0.19905177037995014,0.13264123511717796,1
-0.26847877400336007,0.150518753704455,1
0.10997866332149997,0.0687719214065236,1
0.26035515693504563,0.2867242615969049,1
0.22565860219592992,-0.023059799594680075,1
-0.3322864517130132,0.08985165448812105,0
-0.30218361301165303,0.11122982362017841,0
-0.0995432416609226,0.3839497865967173,1
0.002841441208501272,-0.3859637528524819,1
-0.15788133571812463,0.3742299209415022,0
0.25797763842882526,0.014469268786630907,1
-0.12421752131907413,0.29840563794903285,0
0.20219105275644567,0.31420666950082377,1
-0.28879573814308374,0.29839924590690003,0
-0.21822765642911518,0.13176201252918962,0
-0.057974654648829116,0.33983800850638146,0
0.305961795548943,-0.23178062816684142,1
0.08873408938433519,-0.36206744858939477,0
-0.002256730706612309,0.29010269273545963,0
-0.035630431325214984,-0.06112313135306213,0
-0.1643677019890448,0.2774324637707821,1
0.32825832226935314,-0.36596390670846407,1
0.09192553647735552,0.37563806397221444,0
0.3052164586133459,-0.3995840813367084,1
0.33414366293753694,0.22397428773266703,1
-0.08262531475554397,0.37416692138392516,0
-0.2986878131226647,-0.1646979094959675,1
-0.001977420798921159,0.01956895044543272,1
0.2645301610839679,0.2672022184376588,0
0.1917363201276545,0.10695257404159075,0
0.13088223149972456,-0.041128681680279056,1
0.31253296157428345,0.30966677740109627,1
0.16069931448971408,0.2079895271688622,1
0.041013142320194484,0.18923230170402794,0
0.1915840071161078,0.199060115095536,0
0.08707723031746356,0.17942284637839678,0
-0.3206379472010474,-0.1654755576083412,0
0.027644738138007052,0.03520136522999229,0
-0.1800317578815162,-0.1753233273591774,0
0.07070563821178194,-0.32875392067503895,1
0.287150632067401,0.2216106024064357,1
0.24284658058458708,-0.13484837737229077,1
0.23287519780292676,0.040033205119202386,1
-0.21553230856608813,0.07150759421020547,0
-0.2651931666961239,0.018940959635733612,1
-0.08107040499481172,0.04383189578624308,1
0.10071618915436087,0.18450610754059238,0
-0.10542014588294177,0.22906126965408125,0
-0.1774647633082959,-0.28936511321974945,0
0.3163646555082228,-0.2023901740106987,1
0.20299290812715864,-0.2542250393809472,0
-0.2087155007695654,0.07353797631517384,1
-0.30637944000743367,0.11368838978678131,1
0.29095581187462205,0.24950740693255014,1
0.10935165806774111,-0.3021329318828687,1
0.03549572126181971,0.3020358002901007,0
-0.14929656110128792,-0.3463194661405846,1
0.12476332870914997,0.04707238112926032,1
-0.2506870410467485,-0.001716819394376401,1
0.07921579705926696,0.27751609488260987,0
-0.1618700156562745,0.31826714947087564,0
-0.06245533645833107,-0.08554805228433127,1
0.18125181756267916,0.18493922293419818,0
-0.028248352792917153,0.27512817926261646,0
0.2034176714593815,0.12804937600823907,1
-0.24662699314439085,-0.38375773452727435,0
0.30863532190055976,0.32095728381208655,1
0.010086768685694025,0.09705655944442321,0
0.3182764468018613,-0.13615069799616608,1
0.2731941683428617,0.22286798544251363,1
-0.21100712435110391,-0.12718994665010824,0
0.22147831063795098,0.3583137155221885,0
0.16921437885808255,0.01665377860998485,1
-0.11188154583786405,0.29745943766426364,1
-0.32042351970838023,0.0878751225951458,1
-0.3316232095526523,-0.23898953169221296,1
0.12353051804719029,0.16550597834257708,0
0.14922432628095283,-0.2349808111634043,1
0.04168408899608722,-0.25345663696765985,0
-0.10382231238841916,-0.19169924868253194,1
-0.13169599390313488,-0.11705785166560922,0
0.19673606262386123,-0.021519094513839376,1
-0.31447722678625306,0.09332054228807873,0
0.1885033316336101,0.17876364889223906,1
-0.008678443955131454,-0.2056975476760016,0
0.3349167152327659,0.10221784420313607,1
-0.2609359101984456,-0.37781759075089205,0
-0.23487061095423148,-0.029778282383187915,0
-0.27191849478290897,-0.3798316805261166,0
-0.2984035844473562,-0.34727503294965223,0
0.24881720757677261,0.23079918783701914,1
-0.34419959338388695,-0.34355712802156413,0
0.3231790410943083,-0.2499691976117581,1
-0.34905127775962136,0.28642198851271783,0
-0.3033911810223814,0.3150173292735732,0
0.26260439091409893,-0.10216512806842104,1
0.2667136344662622,0.14180640301154523,0
-0.1954421597985072,-0.19924886573176517,0
-0.06507190071985064,0.05933467753721339,1
0.10630357799186169,0.1963801454954539,0
-0.03958799691212045,-0.10029678212026688,1
-0.16414465068578654,0.181722916932596,0
0.21127231584914907,0.37360586947440577,0
-0.041216933747412365,-0.2615919578488206,0
0.007165282000560769,0.0782084228351031,1
0.08973728656702934,0.2658011513202453,1
-0.031849975564898214,0.2444255958529299,0
-0.33040286732422086,0.3254139170857363,0
-0.16195778367217906,-0.3851117781699726,0
-0.3163124371607821,0.2658526432939117,0
0.0370682076177587,-0.04369687769984998,0
-0.08485721435549898,0.3613341242695526,0
-0.323614039006756,-0.2796034863560184,1
-0.13281812159096698,0.19934006162670215,0
-0.09692307180125165,0.07408281666052108,0
0.09060026627755652,0.30297368664564295,1
-0.12600717324206115,-0.22214534904968997,1
0.06946574607627815,-0.3974779574828691,1
-0.051880318414896875,0.2448300281516046,1
-0.07223943865530141,0.2698744955547273,0
-0.23884886139443284,-0.3053871216640797,0
-0.09931858276055405,-0.29843006102084485,1
-0.3072727398839542,-0.015625606354245647,0
0.06267167413948427,0.05716365887245428,1
0.161512843705793,-0.34413361690527094,1
0.02729427137960516,-0.2233217532925659,0
-0.07705365706271666,0.18246797548996718,0
-0.22857092510690238,0.0512517011102574,0
-0.2674558468307857,0.34386049598398993,1
-0.14649904494303523,0.23359681369949803,1
0.2792936017505667,0.3703569941984032,1
0.0552361114284356,0.2321342819877874,1
0.16185909529137132,0.0969091398850252,0
-0.2030456167820754,-0.36673150946911587,1
0.31147303707360285,0.33920334228237725,1
0.20005922018555022,-0.2532688935052593,0
-0.0808900611698744,0.2330602990061158,0
0.0011160024318739858,-0.3110035232480424,0
-0.20908779618685666,0.18887745992619032,0
0.3357859599691836,0.32032546279334084,1
-0.09728939481717352,-0.3369335581614583,0
-0.034975569504292925,-0.24764261559038117,1
-0.32986967533410677,0.3773450807736707,0
-0.24978221140687462,-0.2276252316973043,0
0.1519648926152709,0.28892972738766265,1
0.1713405293117105,-0.36098051471239023,1
0.10630341683872757,0.36344574151193454,1
0.3154485738496967,0.30983760062109045,1
-0.06718340119229138,0.24504214162218818,1
0.07057296333631263,0.17721347890406813,1
-0.2613569243802,0.336631797567123,0
-0.15919942390935746,0.2634319290520243,0
0.11240773577413266,-0.2264201054455895,0
-0.13768504348168073,0.05499238065956236,1
0.16179463315205322,0.09645873126288612,0
0.3488753000225271,-0.18703692615295778,1
0.2734712306333652,-0.26535705566755696,1
-0.16899386486688614,-0.05056607977843797,0
-0.2721200686252467,-0.2397857295676844,1
0.013927670365476708,-0.22854579708586692,0
-0.25691368310218504,0.05468189216107994,1
-0.13294277439893257,-0.32920984723603364,0
0.08484780348161575,-0.2750420839012062,1
0.05826770002442966,0.32450752760897317,0
-0.2751074854221903,-0.10539558523931075,0
-0.10567724660772437,-0.19495307558295558,0
0.1885283643899407,0.3490403350967949,0
-0.2637068970243548,0.3035628755781511,1
-0.10979312539699096,-0.20221469992799454,0
0.09053457961389944,0.2495496689769786,1
0.04687847754671359,0.31720192355069354,1
0.20111367354462772,0.10298261525608865,1
-0.05151882302091704,0.0645127227462628,0
0.3253927511210467,-0.05890181788133286,1
0.3278582926882313,-0.18057579452363637,1
0.33176291980741224,-0.06837542119503776,1
0.10993997751572165,0.17047843915288208,1
-0.2186722971634893,0.16885862731656398,0
0.21846457214386017,-0.038972266893452456,0
-0.15732254281286454,0.3349480915764874,1
-0.20354077204759968,-0.07568705112712193,1
0.01033710502619456,-0.14515584550532834,1
-0.28250198477253635,0.1681748461109308,0
-0.02919032285109624,0.2778003626601352,0
-0.20431384899867078,-0.34040768517925185,1
0.18660291606170887,-0.06100584829876443,1
0.28702669887144183,-0.26161408642568984,1
-0.16278563981056585,-0.23588504986501926,0
0.2860998300342473,0.3696878690196356,1
-0.2892484302399795,-0.24929593969745723,0
0.1236771196993861,0.240338782174373,0
0.1926677939663649,0.13591562879868435,0
-0.27524443158358575,0.367067354598991,0
-0.0895028138172515,0.09751739687023286,0
0.1029586199950614,-0.10213014859124281,1
0.08081379457100796,-0.07260415135246623,0
0.02181359647618253,0.08403514799999678,0
-0.018008318286368397,-0.28045185677953666,1
0.2502043895102959,-0.11602307878527734,0
-0.09107081069314882,-0.29604827986172283,1
-0.3473142548942197,-0.03832637060497068,1
0.043432530811084724,-0.04733704046225623,1
-0.3226320921849827,-0.17171167005787735,0
0.34554741352425844,-0.08117096221906,1
0.20990253939298953,0.2945648886232427,1
0.3457821727053416,0.28457210939066024,1
0.12778647058376036,0.39460518287535984,1
-0.22414567869271076,-0.3640684886618803,1
-0.10752089580891708,0.0279019285205922,1
0.1620605729400626,-0.11841341938291,1
-0.0827321989855227,-0.11667780490668705,1
0.27495998039230085,0.2727861624355452,0
-0.31765398520759913,-0.00511260519096296,0
-0.27156642376238915,0.25049423682718697,0
0.17190881822218895,0.09240726341587752,0
0.16190877651403368,0.3852405859100716,1
-0.08019968615082462,0.1036898355002085,0
0.266489319963763,0.37357697722187766,1
-0.32787725990179944,-0.15257060380759074,1
0.19184842024868798,-0.05031409058809483,1
-0.0364571326414288,-0.316016662554428,1
-0.059392634682164214,0.0741206820388281,0
0.2775259635010685,0.13612613071414692,1
-0.04318879556062055,-0.16581091617452062,0
0.0753481804707235,0.3835411332632903,0
-0.22275800374389132,0.3329033301020339,1
0.20071918202844252,-0.11410775627295894,1
0.03261262618188837,0.27885258248945033,0
-0.10572742420110534,0.35902213940833694,0
-0.19389686176105259,0.38226854507140995,0
-0.26875928392198056,-0.31497866035508726,0
-0.31037240834365243,0.32009520053920126,0
0.04080724234539096,-0.23284698034831966,1
0.2659000671156273,0.02964595274134768,0
-0.22087674354174522,0.14162956275789984,0
0.28585735993023365,0.1836529670735919,1
-0.31798244099920314,-0.14412225645372134,0
0.08158434223175026,-0.3686253326885142,1
0.05169366069658693,0.31237123721901117,0
0.12249974902527883,0.09649304201325143,0
0.2731739936501546,0.29601991456630283,1
-0.012619306858128121,-0.049526506972231654,1
0.24700360213796457,0.28762144188710836,0
0.10670851624168004,0.2280476991073378,0
0.18942084680187132,0.09178526792619068,1
0.17398723010944428,0.24892750034243893,1
0.005762986681493887,0.2322202448931836,0
-0.09853696845318594,-0.3622318229679442,0
-0.10336571295677019,0.1194432069886282,0
-0.1343429530282226,0.2865734258300221,1
-0.24487536756415093,0.02256781589626833,0
-0.29025041468402474,0.11497949249252315,0
0.03870387900186539,0.10030729997539634,0
-0.052835399958252094,0.16157231474364386,0
0.18870544114761723,0.1763867154266664,0
0.1332125069695539,-0.3027156004484349,1
0.010547175534446063,0.05403212856598205,0
0.09377412500653098,0.03171864483417641,1
0.0633623618933063,0.08797605471142855,1
0.32255525413350505,-0.3590275605801117,0
-0.18972946168293603,0.0883963599977508,1
0.33136692773944454,-0.2734988993206048,0
-0.3120332285089842,0.047693355704015616,0
0.2673565703618356,0.3801463653705238,0
-0.016914254472508716,-0.32005017165309574,1
-0.08484603468356267,-0.26571653190014055,0
-0.0007355521731024495,0.018017997874233083,1
0.22747731637727764,0.32565764739762926,1
-0.15018437841438362,0.356226982049768,1
0.10630319381797426,-0.38465894018816177,1
-0.09711502254528243,0.13068605004468703,1
0.1435677067378609,0.15395108556929638,0
-0.09932157509097722,0.3641039361387267,0
-0.14608881411736285,-0.09177825091319392,1
-0.2270204371278892,-0.36121709448512296,0
0.24156815641677287,0.3274813693158892,1
0.12018832598507534,-0.3217968610409984,0
0.1229788961267505,0.09095698443504929,0
0.2514838247890917,0.2163618240623325,0
0.28840193561723215,-0.17630592307578824,1
0.01596660523890986,0.06951042096110782,1
0.28559489932803095,0.2703592117007997,1
-0.04040766684776148,0.27389762423654374,1
0.3482278902369291,0.3293993856953643,1
0.09884466414158044,0.31242336385501246,1
-0.11321543016513474,-0.19080004438710818,0
-0.10789848663148807,0.16654301774149105,0
0.34491366685439995,0.21665148883667873,1
-0.005995361736046645,-0.14536761573712847,0
0.3277269248852861,-0.20659612477520017,1
-0.09192975020496341,0.27140527169245743,0
0.3113839269709463,0.35188062367926864,1
0.1576578142603735,0.12604125240851538,1
0.13619550371016204,-0.1440979331697812,1
-0.1194275357223113,0.2810219618829003,0
0.10579809164335524,0.22693683683020793,1
0.1407033541284038,0.3779559703053458,1
0.2596413861084239,-0.30289173650385437,1
-0.31807310765071445,-0.3730551531895202,0
-0.12045007705454785,0.07171272802786782,1
-0.2574917657360532,0.21000376922872455,1
0.27462272726257764,-0.04522421108154118,0
0.18866761791074615,-0.013462232306829525,1
-0.3217082093689225,-0.35741213699510327,0
0.32479636593106,0.06894609540414126,1
-0.011919521377024511,-0.17491053009257201,0
0.04230642295747494,0.3311497013438961,0
-0.0031279671066897774,0.2827109635050862,0
-0.3006641845759812,0.06903520286238729,0
-0.2888648876776444,0.11450949888936779,0
0.34364057004926096,-0.20692934684084083,1
0.09754437414226519,0.11361192537697296,0
-0.0006748612452950331,-0.23737948757918226,0
-0.331071479390485,-0.21704213644555648,0
0.3433442465527806,-0.03559974920658249,1
-0.12879270421721162,0.16747432735583134,1
0.32734469078304784,0.19815738309360087,0
0.28290331038426186,-0.3557975375592133,1
-0.3249889921164137,0.3272563656129396,1
-0.17644556073053866,0.04023961620818034,0
0.32575308914833667,0.1065423182973072,1
-0.07483293100441163,-0.08704509895464413,0
-0.1991074376220205,0.19644249060310792,0
0.05006281975685878,0.30684912027329536,1
-0.29028858896547094,0.3744740065885769,0
-0.18859994609397787,-0.20602557123711165,0
-0.1809419572496406,0.12390505211402059,0
-0.02010815117846776,-0.21241377290704025,1
-0.08381570917848652,-0.0668881064623944,1
-0.07345610576846384,-0.20169879000188928,1
-0.03613586066189234,-0.2839732537187005,1
-0.1166911879987754,-0.0008644141040763387,1
-0.0294447247761781,0.21235018735293054,1
-0.3109384294088685,-0.28504265442317983,0
-0.19296983554098315,-0.3677134796647555,1
-0.2716551325459746,0.3145096978264035,1
0.21674764364740717,-0.28590652594584604,1
0.34566236352015245,0.023991018591033697,0
-0.3187642946006277,0.1253539480553425,1
0.015277565489377865,-0.34907489225951294,0
-0.2416372922016953,-0.2014814551131468,0
0.23539934681735009,0.020883765960044265,1
-0.0007882612174644477,0.04952885796343515,0
0.20344410985674333,0.2545365809284241,1
-0.2453065941629423,-0.28629321673063624,0
0.26560684210639574,0.011810222647355428,1
-0.13163979244570936,0.30668596753495725,0
0.16724141349299393,0.26449924083485044,0
0.2890348081526233,0.2183297965557206,1
-0.21418239421410623,-0.24121535867435792,1
0.10638004489054759,-0.12385662612910098,1
0.1932240028715223,-0.398671766598456,0
-0.20530447496452756,-0.04339542395523688,1
0.24419398610427734,0.29492197469041936,0
0.15264860760350407,0.26285651386337994,1
-0.07910501443668283,0.1871987434401261,0
-0.21604115673944752,-0.311143899650969,0
0.2334634531691655,-0.040217624493993465,1
0.12072328782795255,0.3935218184059178,1
-0.11645386475696645,0.23413602186008642,0
0.040362757485634115,0.34163685823189316,0
0.07250282427339655,-0.339117637606147,0
-0.08022492291088534,-0.01131301084044034,1
-0.05192105530646157,-0.09656177218800488,0
-0.05116369692289219,0.2924883584766388,0
-0.10035251310670448,0.19512713839187212,0
-0.34604111381686903,-0.26358057265400864,0
0.19537206322188694,0.27267246293890257,1
0.3384715896192919,0.2046512238085536,1
0.14237283183326882,-0.1871707687100247,1
-0.2754607038264435,-0.12815192461393182,0
-0.13113481247200756,-0.2963963790600806,1
-0.14748729723957038,-0.19189326119747563,0
0.3103230607221551,-0.3210563721624364,1
0.10564455660905481,-0.35110566626252704,1
0.12972064514748077,-0.08811984041610232,1
-0.2397209759459448,-0.2335334183674446,0
0.2806691567632259,-0.2717293333468283,1
0.007269241099097823,0.2827665767345139,0
0.02063192864941249,0.3478451005895047,0
0.3262719466470283,0.11587392727289836,1
-0.33811360162267495,-0.22332171738924453,0
-0.07221612982197873,0.23365842785449897,1
-0.1217289423544656,-0.21062354249081983,0
0.2732403912244713,0.3973555741790046,1
0.1494598860050756,0.04597673441817102,0
-0.33874011036508395,0.2807885206782508,0
0.1856138393464517,0.3712679399480603,1
-0.26959243319903686,-0.3427215870921173,1
-0.1527388010398661,-0.12914400887787336,0
0.1598830960360842,-0.026311974302729968,0
0.11562481485411424,-0.22707197679253507,1
0.12303224117386474,0.29529655457468584,1
-0.19428941315475823,-0.2680215324415103,0
-0.11303423448638902,-0.1795954794043172,1
-0.02064759975288194,-0.032115396142794794,1
-0.08518764813603552,0.0004183199332594145,0
-0.1441658844296711,0.02463508824187527,0
0.0883898140998241,-0.021159207749613995,0
0.25205063606038036,0.03384421175274077,0
0.17119448819710126,0.32785466248413775,1
-0.12535393477399248,0.06134890302467566,0
-0.2889138692454931,-0.10981295642197947,0
0.1238233517707662,0.08305671753576227,1
-0.05914221743067105,0.28655166483652916,1
0.23224863593088607,0.14162203305479493,1
-0.30101972283601386,-0.39030412047838703,1
-0.1420749118730511,0.105562953848782,1
-0.04076602969407567,-0.31777030503477466,1
-0.28018989278523254,-0.24208672730493186,0
-0.11094983081790855,0.13122031438972692,0
-0.04442965663602033,-0.23784205211236734,1
-0.22422243014366483,-0.20937212073320532,1
0.12931428880084772,-0.30309557382286584,1
0.002472722058766863,0.2275432441325862,0
0.04739602142803018,0.20858473417980572,1
-0.23811505882313727,0.02322692309299973,0
0.2264177290184649,-0.20338723093594455,0
-0.032631318685729604,0.01895389776194839,0
-0.17517611520074125,-0.16745973699730748,0
-0.3402044880755639,-0.35486949410372787,0
0.21612413826544796,0.27493330655840953,1
-0.28173201214871274,0.05260120335383195,1
0.09419464511090225,-0.16081902220652777,1
-0.3456445270529474,0.25842302215523716,0
0.25818885337723196,0.2897482918277048,1
0.3212429375674204,-0.22951975061677016,0
0.34957817630646026,-0.22977548773366074,1
0.1375079926903709,0.2049144622309489,1
0.030633364648536,0.2014626514213046,1
-0.03480958442115378,0.33292780820074064,1
-0.14824845420606472,-0.17941320951041445,0
-0.27049196277775933,0.19256683875158676,1
0.26513207725053367,0.009251741798888602,1
0.038462816484410356,0.15236555393148343,1
0.3007359986243887,0.03422382762906012,1
-0.03370951315400156,0.05048720523649547,0
0.26240197061133275,0.08720257280573973,1
0.24491479170077302,-0.13976554430816773,1
0.23747123632587752,0.3401513761854318,1
0.2586525905961423,-0.360315947505606,1
0.011024159096050812,-0.05254611616948973,1
0.3199600635731261,-0.02312316103199813,0
0.05766821490864704,-0.21802985272099928,0
0.21218170893950505,-0.3506626468339115,1
-0.2778964801945012,-0.24455654215614048,0
0.2147477584198223,0.3738206360934707,1
0.11547819076354693,0.3707023898234051,1
0.27099382977129494,-0.2110135049245157,1
0.21491675856975412,-0.06395462079684505,1
-0.2432141345764917,-0.3110382089513568,0
0.14978815748905994,-0.021395234627781146,0
-0.23610348654126034,0.20939682445213603,1
-0.24721060612406398,-0.10995803761788692,1
0.2009656921671129,0.08164551746098725,1
-0.09371498155423147,-0.23997400369751035,1
-0.34897375630408095,-0.2214550395311785,1
-0.06065847841701877,-0.04925250444422691,0
-0.24273300623722377,-0.23452324682013873,1
-0.05241165672136289,0.366670251476126,1
0.1970277070210409,-0.26144866137770484,1
-0.18110809166342998,-0.04242151187685883,1
0.030139349851067365,0.1275590984749131,1
0.28613029362236386,0.019471158051289184,1
-0.32747831523156834,-0.12077942089343063,0
-0.013715105437133779,0.07363751575616495,0
0.07055455448798564,-0.379734147499289,1
0.18965825295530347,-0.17226081233768487,0
0.27008350263076597,-0.2963834337708895,1
-0.1800008956988689,-0.28183044866810925,0
0.09550654160094096,0.040730647675961684,1
0.17688371157438154,0.21453442335650208,0
-0.0707581422207349,-0.0747066579346442,1
0.21876006542407833,0.18299250060281447,1
-0.24414537337529235,-0.15419565665185042,1
0.001684214873864831,-0.10845728976981717,1
0.04324699934664,0.34037619498560134,1
-0.020702895385711184,0.26920292785706834,0
0.028080892321812156,0.01921578220890413,0
0.2000911185046358,0.31818044137552415,0
0.1686022989569037,-0.26797406246395084,0
0.25746361540294926,0.21833192260954715,1
0.16928782894188366,0.036906594940638304,1
-0.16855900452965208,-0.002388173482257172,0
0.11931996153200025,0.19614288049797268,0
0.20967671885190375,0.136977920716994,1
-0.26226337730596405,0.35762538306424463,0
-0.15559413527599078,-0.178269233235532,0
0.3227965931488346,-0.027771705486692444,0
0.21034278988061417,-0.027367524583662095,0
0.19127708930105625,0.08229839039677705,1
-0.25014416028631753,0.2009359052553713,0
0.1001317136198503,0.21714756173705263,1
-0.11531804914431487,0.16098078435913254,0
-0.2651520767578971,0.05390778591489409,0
-0.3429684288570236,-0.27686668305972106,1
0.10253299711434594,-0.28201817576312105,1
-0.20436469215172026,-0.21152819896436298,0
-0.25583677360687324,-0.01808281133970241,0
0.07796281485815132,-0.17657644320004612,1
-0.060679072211715646,0.10851057307576795,1
0.2539300632702727,-0.23989854156365215,1
0.22529785608518493,0.22058035776991503,1
-0.10705563264270762,0.25433262102377796,0
-0.16581405452502063,0.1401782384483521,1
-0.19528660343822654,0.30815626072942115,0
0.23032906036900103,0.14138108752278733,1
-0.14432019787689562,0.1471711426283827,1
-0.27026695306287246,0.3261781316268003,0
0.09619076716012254,0.1321618552659325,0
-0.13175659940537218,-0.29996727418403907,0
-0.1446113705255992,0.266421135125653,0
0.14573992442041223,-0.1516658071225801,1
0.1929820713604492,-0.3383055462494111,1
0.3053742783261434,0.2944711599230587,1
0.03875351790574483,0.0727833323694389,1
-0.2716580261123808,-0.040849533655611836,0
0.040914434691057155,-0.181018349672181,1
0.011148064493470333,0.11739585847546952,0
0.03725720329635407,0.3740163797344488,0
0.19981065925068553,0.29722746065289685,1
-0.21980511208235862,-0.0034961127729067343,0
-0.059610848296733354,-0.07629053459568302,0
0.31948024845343337,0.17283934378381272,1
0.1895637847449151,-0.3456513272449295,1
-0.3152176116720646,0.22057052201586858,0
0.1909112541110377,-0.012471276245685392,0
0.2621319439679347,-0.0874885841878717,1
0.050326821018055024,0.3126813230876938,0
0.3400685719497817,-0.21777366290189262,0
-0.1770552073208024,0.12716275444366765,0
0.17622599534085548,0.15817562549251274,1
-0.11414269758239717,0.34594793263407086,1
-0.19832540315245292,0.10753097269165413,0
-0.18312136092234188,0.2275456007489668,0
-0.3478032180605263,0.3436063785612644,0
-0.15242627859028537,-0.02007236076216462,0
-0.21073163695021013,-0.22463668977357554,0
-0.011912334968364302,0.3267474945777942,0
-0.1879881246537777,-0.2209724241693949,0
0.302526835411026,-0.18767571230577335,1
-0.18186960076518405,-0.21633040217128416,0
-0.057260040604904805,0.2792985128794343,0
-0.22207127281550018,-0.3977564216799248,0
-0.2052766419436718,0.02477659883939054,0
0.10873127082757683,-0.20839116829413326,1
0.34511421476478077,-0.35288512394981386,1
0.3066886387870794,-0.3286884584912283,1
0.3015630700060863,-0.3940512031675028,1
-0.14395724776701524,0.13935503509204572,1
0.3295064199536145,0.07328123614781462,1
-0.2742181732893145,0.3040397563448459,1
-0.18686453019902216,0.2602403014217092,0
0.057334587193278885,0.3551541915671306,1
0.013409347747174227,-0.31967949624128994,1
-0.07644448279967136,0.39022058433966966,0
0.03464674122767997,-0.3793665483687032,1
-0.10754366646898375,0.10419568837402138,0
0.1873126340901643,-0.09677036703248171,1
0.2105006386661733,-0.29085316299758984,1
0.34258802825077084,0.291660575913521,1
-0.15276629236955913,0.19429245644286186,1
-0.009482893124854286,-0.14985961375423207,0
0.32146796230651653,0.030206283182887872,1
0.1311173340296823,0.18406772460341236,0
-0.055125199747961096,-0.05068438255306784,0
-0.09165702633369366,0.35740823370971253,0
0.21574402863371966,-0.3245875732910844,1
-0.08507215228077342,0.3071136423027717,0
0.1665332449895961,-0.26604403436364654,1
0.1141197761892696,0.22957736851085653,1
-0.22765818570146668,0.3315062614432829,0
0.12124461593078384,-0.2672458429967106,1
0.20265084869827732,0.283852030371741,0
0.20281557842994014,0.011709508959936,0
0.14442818976645316,0.11929918435467024,1
-0.07598983887197014,0.3021441814486382,1
0.1118877604532153,-0.3325505603171419,1
-0.2468807942696481,0.11445713319723771,1
-0.038265908633454915,-0.043401904740052455,0
-0.2987288515158955,0.31587840089673935,0
0.027531930170808294,-0.11664244177042699,1
-0.2752735533538414,-0.1278695449409864,1
-0.2698613527415936,0.1664049533172255,0
-0.046715457123553294,-0.10201883135039663,1
0.11244788357123547,0.05386618443263408,1
0.23229873167513437,0.3187696525973288,1
0.0985885558463358,0.10787018054795328,1
-0.1821149207485297,0.06400565748120812,0
-0.277339131252071,-0.2171732857022339,0
-0.34547610123448735,0.03435492644617477,0
-0.11024808609101272,-0.21103318176414013,1
-0.15697109871880682,-0.12007832855553463,0
0.25313611444916495,-0.19576511158899734,1
0.34394772426172515,0.04862579793412791,1
0.2806187373764789,-0.12752998823045186,1
-0.158362639981149,0.3862616936693952,0
-0.110147496449219,0.363949146536064,1
-0.04603478642964115,-0.20052763853397648,0
0.08282294443525678,0.04189519394256358,0
-0.2657992092940775,0.19596918359097137,0
-0.011902350358515945,-0.39615053656443594,1
-0.1458473904291732,-0.391537982937734,1
0.0882927613350698,-0.2491457294634473,0
0.21652391469982535,-0.022052571879215166,1
-0.056950080064218256,0.27182136053002104,0
-0.22177136970757041,0.26331695021688173,1
-0.14385934865299072,0.13158496831827027,0
0.08863777760665914,-0.1139353188869085,0
0.25926535631796876,0.046305572639026515,1
-0.2850874081003328,0.23298049844054125,1
-0.01488614865440685,-0.0691815917368575,1
0.32914172008880027,0.09332498455938631,1
0.1479453155179366,0.19117362324092302,1
0.22872984216232806,0.37732989116002125,1
0.23521506968234096,0.3396756654376972,1
-0.2997327263207301,-0.3962258247326374,1
-0.03711977112274256,-0.3491986867400323,0
0.10487493333535225,-0.2253771936383708,1
-0.17189884247961004,-0.31103557781923136,1
0.22468576223955972,0.39947843100140334,1
-0.002524597787961602,0.2812558979377576,1
0.19202813839909594,-0.3656603438228754,1
0.24680556808159193,0.03061212922865869,1
-0.09735280221797049,0.028345896250302982,0
0.03755354533416705,-0.3263720419445766,1
0.21369970189551102,-0.2828656601008174,0
0.00048150915250128046,-0.32219299003873075,1
-0.2847070104745534,-0.20484219344310858,0
-0.34510579560136184,0.2170714431869587,0
-0.301506042890104,0.3329052819945033,0
0.1272519202530793,0.015383919043061689,0
0.25008138565909166,0.006905144234703453,1
-0.34067089283657875,-0.1514747686261015,0
0.10840994207908178,0.3446465731089179,1
-0.07232678191257469,0.16817444417943794,0
0.22401264565830736,0.18325508698989856,1
0.13927778424973664,0.3663852671372937,1
0.27858743826191945,0.06836513611746886,1
0.12975111827902075,0.1881725566790743,0
0.07623858361761615,-0.15020292135026259,0
0.16271075718634798,0.18710766882714136,0
-0.0909441714595095,-0.2680428721713255,0
0.30228382028633083,0.2896917035160669,0
-0.11708635487415284,0.30442882041790076,0
0.006711094476223478,0.19746415685923213,0
0.03834400140825189,0.24277913750074964,0
-0.007472401785664273,0.2960392019831327,1
-0.020469966979388132,-0.19491785310766643,0
0.3303371294499797,-0.3207943624869136,1
-0.06879961476220597,-0.11756494923574196,0
-0.06928818632556155,0.3215509044175864,0
0.18497535775575713,0.06075316222754357,0
-0.21015584274943036,0.06791905268848308,0
-0.14004514298650603,-0.38865517293474827,0
-0.10810174032243683,-0.009950610533662752,0
0.3334945412028655,0.3006909694077746,0
0.07782798041411348,-0.38546396862255083,1
-0.061473711628520444,-0.11644568524041016,0
0.020378526596699087,-0.1362223004859448,1
-0.26201766117015857,-0.11088415227041759,0
0.16798164151408979,0.008361705809721898,1
0.23396066725074738,-0.3783834273055834,0
-0.22806084635685508,-0.04615501966548219,0
-0.01775665734930293,0.28286206993521246,0
-0.25063797127356946,0.10674531015487088,0
0.31044066095855816,0.30393797216081275,1
-0.004399624620936182,0.2916607151065599,0
-0.24776877602930453,-0.3540707614554677,0
0.18421505158241003,-0.3545373230043768,1
0.10766429430684793,0.23711509148801724,1
-0.22017995756260952,-0.3982454031901285,0
-0.0758504839301159,0.3456303030352197,1
-0.0753437513286126,-0.02194334460358316,0
0.3399820246703299,0.07420412505999785,1
0.15605055427275283,-0.19751445245170585,1
-0.18105665443458765,0.28598505651434036,0
-0.024241298939515876,-0.12550104975802345,0
0.11810052519598063,-0.381374774268503,1
-0.02474653249307701,-0.3915262175121593,1
-0.21120052807420397,0.11046842409140745,0
0.10627148416563165,-0.01650862661195085,1
0.10628039766148378,-0.1948700381176754,0
-0.27657725146860257,-0.16593070612055102,0
-0.03375169292446234,-0.012885726187998991,1
0.1251767655948685,-0.002700881372006303,1
-0.20442722894862705,0.004065280097658608,0
0.12649269552270997,-0.17759261158034123,0
0.34734744958609476,-0.31150121129464614,0
0.2264580431912081,-0.0283234291368471,1
-0.3446852843420424,0.1427351659482603,0
0.1218401897251361,-0.22777676709250605,1
0.0795784893513839,-0.3768781784346687,1
0.09901581723944963,-0.3958026463857065,0
-0.07093065133431975,0.1755598975325191,0
0.2712757084179791,-0.31466913894630066,1
-0.2508559012380011,0.0728228563132095,0
0.28322951588003564,0.3478297796564481,1
-0.2656257118108254,0.39954926250128076,0
0.2337374954385063,-0.17171791770306977,1
-0.03235233463431153,-0.038798897622134176,1
0.21287035424892742,-0.2885698394701701,1
-0.24590508681141415,-0.23877352560411425,0
-0.1944260229008107,0.02169576867181855,0
0.3358564649196438,0.061856394548832294,1
0.24067991258514498,-0.2200233847616862,1
-0.15647278662079905,-0.3684135980136013,1
0.2866271480183503,-0.1901843822250501,1
0.34801858349747916,-0.18114000519346699,1
-0.08076964197300407,0.1574883405157148,0
0.14916356043180168,-0.37648369321774083,1
0.2565076118999522,0.15306261325512838,0
-0.19716668916572325,-0.07857190512399248,1
0.19778319945447886,0.057357611298518296,0
0.0069581851579599285,0.020778062931841812,1
0.2339738910089204,0.3246977155824452,0
-0.16422778694641818,-0.2738718034804089,1
-0.2415272803721938,0.0016370615354925344,0
-0.04797324894615007,-0.286791392744454,1
-0.032738928667448375,0.0527236104383455,0
0.07411804418745727,-0.011996799571741601,1
-0.18041516046668837,0.061815142473663376,1
0.19299198472854984,-0.008654930715870812,1
-0.025866393553394262,0.18290439240126988,1
0.34715598116547464,-0.020043842189236993,1
0.34540522976778,-0.14595385505532282,1
0.00791703337025712,0.2520243148306759,0
-0.30917720015364236,0.2470987905829899,0
0.3290556019071357,0.07601327716044642,1
0.28005277525302463,-0.17725497924535052,1
0.2664600998389529,-0.09615455064940115,1
0.1882161746200931,-0.36610916945613314,1
0.03200324862347109,-0.2761362257916205,0
-0.33555284621893283,-0.14000768069311115,0
0.1572459696349664,-0.1254956022771907,1
0.082468662658777,0.29860158583335294,0
0.3216190045811105,-0.21149980484372843,1
0.3256235419304315,-0.09043336351591008,1
-0.047777017091581775,-0.17932153314825428,1
-0.08150678494539154,0.1509285974224237,0
-0.006835676838883975,0.024269106073142033,1
-0.0741676062165087,-0.24707119276384654,1
-0.18230213712748758,-0.1739905955503871,1
0.01587982554813161,0.1002134835631987,1
0.03767629475024875,-0.3016508480170533,0
-0.1529507132197387,0.20589997729349585,1
-0.29571406092413965,-0.2785248830820803,1
-0.1605288455847378,-0.19642101520849914,0
0.1570643824150758,0.032700699789140864,1
-0.18636258484295473,0.37479457285257456,0
0.3003771207553724,0.2531827187942466,1
-0.05179190158697522,-0.023896618168177064,0
-0.01536504362208202,0.21481602559965796,0
-0.0885559872732467,-0.02293713285112453,0
0.07143052688986357,-0.3140317604562509,0
0.021893605786239945,0.07087029015511792,0
0.34095523475270484,-0.24826191460284674,0
-0.17592586573973276,-0.36873503395229235,0
0.29720168396420577,-0.017305168239081403,0
0.16087026911109925,0.08360554048207564,0
-0.04651364900264354,-0.005750802686412537,0
0.047710542882854534,-0.006665059137850204,1
0.07281424255315805,-0.0058554954760868805,1
0.07042846143225634,0.09314276878219346,0
-0.0822216989813836,-0.36981986863652455,0
-0.07662643509301054,-0.02097975477834496,1
0.3235979962171356,-0.05567838860466684,1
-0.2779772803282207,-0.2147907374372524,1
-0.2567722444836617,0.3382990894510418,0
-0.1360181442134886,-0.36708289864126,0
-0.02659165353657622,-0.04844236768832905,0
0.18686709109681754,-0.15560682736156928,1
0.08182588459662393,-0.19712018879288912,1
-0.2790404897623449,0.17030037075059945,0
0.15248180108502596,0.26575869806368935,0
0.04344952869507718,-0.15084618137658162,0
-0.24783677791938952,-0.14996273084340367,1
-0.11776008531189075,0.31647643048919316,0
-0.06981851116402499,-0.10991044594104898,0
-0.09944960109767981,-0.3542401613812387,0
-0.26764111507784405,0.224477254474182,0
0.24140473270587648,-0.22445890864327459,1
0.34221930959224434,-0.3689112852309606,1
0.1997231599515482,0.2612805427709466,0
0.17182159569626732,-0.19706087960294927,0
0.24576699462662854,0.34307687660529107,1
0.19496047923752835,-0.34971748450174406,1
-0.030084140388063008,-0.23264472013570528,1
-0.0583877737828698,-0.3055527322361953,1
-0.0954180876831256,-0.17903890497491953,1
-0.16858552982328218,-0.05779166381077927,1
0.17291897861107808,0.1270632420689657,1
0.3018955525035558,-0.21781784428242787,1
-0.26808186912168525,0.17889127029661156,0
-0.21609447383203925,-0.05793248221612607,0
-0.3181657172673496,0.26060734887645665,1
-0.3097244203736995,-0.32568696286228066,0
0.04722473843802688,0.3943004535059359,1
0.07016835169483066,0.17406832267890915,1
-0.31995803960396896,0.14216443400826084,1
-0.07793888478963451,0.37516873568975273,1
-0.29004815930378125,0.35830543929488623,1
0.2477048236208581,-0.24055928207800373,1
0.1715711390382273,0.3261368055867847,1
0.12852167617210009,0.27663912441241545,0
0.10194403004266595,0.3421089455730294,0
0.19674971040512046,0.23175794241374348,0
0.22878720363734817,0.2504288505054054,1
0.3268003675689011,0.15075021601492344,1
0.1964530926575503,0.38819980391713294,1
0.22524795314736878,-0.1567059426310844,0
0.027180742472338704,0.18952637919661275,0
-0.05518154366162886,-0.021873747504150665,0
-0.0067339081686426105,-0.09281452222697312,0
0.07848430003057572,0.16844589089023376,1
0.014569135875598938,-0.29486818650390734,0
-0.21580429199366202,-0.24316063974814492,0
0.17935208906031008,0.13865678714963603,1
-0.1307917782916465,-0.18477963678859244,0
0.057772786689435696,0.02496797588345928,1
-0.2816843286579138,-0.07156671400257719,0
0.16101806179848355,-0.3001740747363341,0
0.08285393961294224,0.29670214032600506,1
0.24452186199067838,-0.21898409300772226,0
-0.17313972405570532,-0.10935095514657095,1
-0.060689731791858326,0.12483567307399557,0
0.22051403394896962,0.02990811844033886,1
-0.20225853620440745,-0.2656878039411986,0
-0.20626325986615007,-0.20721560282961626,1
0.0883695236395724,-0.33611934120516607,1
0.34926079240543184,0.15765437224223844,0
-0.2680525527023986,0.12124413757307984,1
0.18194024109898588,0.24615772413811576,1
-0.31780332583861787,-0.3126411878597237,0
-0.0100797455959738,-0.009356872075915956,1
0.05722628738932506,-0.05003745417505795,1
-0.04865345959499151,0.15921647545029016,1
-0.046624830981734866,0.15658627904037636,1
0.22750416926304373,0.19623620414978005,0
-0.13372475773029105,0.2514893377188454,0
-0.09820091035358253,0.1528465503567189,0
0.2663081808792961,0.17506147180832776,1
0.34939882059602223,0.35915726522175684,0
-0.27621136390326695,-0.32151739453461076,0
0.007190700633647129,-0.047674686146175205,1
-0.08343354722302132,-0.3179958952655996,0
0.1996482604834965,0.009234689837031518,1
-0.2624678555441726,0.17008167437506372,0
-0.10844645643837952,-0.15379668729182222,1
-0.06997762801275681,-0.13733054834812802,1
-0.3480966844651915,0.368790878437775,0
-0.2829944395497385,0.3275825098564258,0
0.2777250042096391,0.3978851128715566,1
0.31621969516085013,0.08507275860537905,0
0.042708410129635055,-0.23085518733944818,1
-0.07649192663903731,-0.21728243011897375,0
0.14939040189455427,0.17039547570351066,1
0.07638140679972238,-0.1802228875676601,1
0.15128410397590197,0.02522276939799617,1
0.008126980835728825,-0.13107876122125095,1
0.24589463755197782,-0.13194717024937053,1
-0.32924232424926897,0.3491488733491107,0
-0.17589611660746085,-0.22870190910217209,0
-0.056685439073515476,0.08469514825288271,1
0.24332861466788502,0.09582563614232287,0
-0.11617506588824153,-0.08350329602985312,1
-0.20013357035034463,0.260464113397472,0
-0.16998520767750705,-0.28267372441792615,1
0.08431512047685574,0.11963359686818942,0
-0.3207901623913468,0.08837958123513773,0
-0.10274386987187079,0.3459123242986262,0
-0.011201556795833068,-0.18959195367433557,1
-0.27387129288783085,-0.008271159926966809,0
-0.27451578877135563,-0.19972869937267143,1
0.18372597974738725,0.17776774385076854,1
0.0686458360089175,0.015457998886381552,1
-0.14131813787123385,-0.2969150939106098,0
-0.14319748862832274,0.1481559647972548,0
-0.32938016422693833,0.229708372984185,0
0.2832420021984956,0.2156820321395606,0
0.2930215385654087,0.023601473324426248,1
-0.0599342703498284,0.05189576765508652,0
0.07360799162493603,0.22576743742450545,1
-0.305219278641562,0.24072555337156087,1
-0.08163288317778561,-0.3003292010454174,1
-0.12586099573263335,0.363247555354166,1
-0.1904800549866665,-0.0017068247989693863,0
-0.20924835213129456,-0.2924742708463276,0
0.10056205275242813,0.09976791879209274,0
-0.20176368718941418,-0.06558720364185994,1
0.1090276115389423,0.07556524901663797,1
-0.2591023995626027,0.3294014993299781,1
-0.04807977108847328,-0.22712427281574482,1
0.10079513949889851,-0.10048482288910904,1
-0.12351955421955688,0.3498716220534914,0
0.3252345814237033,-0.28781640098753414,1
0.1880187479454002,-0.17897652030381536,1
0.21930769395989513,0.20322987964702255,0
0.289135284787143,0.16880898149934476,0
-0.046285742223208526,0.19866183914428714,0
0.12261653935314792,-0.2507068672980892,1
0.10270008842790473,-0.18816350762801637,1
-0.21163637827606585,0.1698288067048771,0
-0.08490977025214469,-0.16525697784538418,0
0.3284277739732139,-0.1777243395481153,1
-0.14670119076794497,0.05701155410580616,1
0.1907129089677404,0.35596907968060654,1
0.29708948303462646,0.24774410431976457,1
-0.2049681941257332,0.1184248985411005,0
0.3333855443981165,-0.34405855539200225,1
-0.2487775845676989,0.18221881471669232,0
0.1852388080677978,0.12469760526715179,1
0.25287714933193106,-0.302396822962957,1
0.17890438529918162,0.1187484059796482,1
0.026903774987506957,-0.3936579958348951,1
0.030690861012618365,0.13983117329101868,0
0.12514091970442642,0.3706515406308858,1
0.25398670095179454,0.12270706073380999,1
-0.3376547912823165,0.26689176713541385,0
-0.3444871335609608,0.10741778689045822,1
-0.07916998972827738,-0.15360075205056153,0
-0.05188943737786389,-0.3226136785177497,1
-0.09927435274888263,0.03230333466890006,0
-0.27065919898294233,0.12148350722136125,0
0.34332404760268187,0.3797457555946634,0
-0.12837981862875367,-0.06469900483303359,0
-0.2968294486506056,0.1291397873568183,0
0.08571391507031356,-0.3054000126392272,1
-0.32938492563563787,0.36898762599953505,0
0.042483409798592386,-0.11495035017668453,1
-0.11085869806844359,0.14578181671280688,1
-0.17999924978986373,0.15874616678393227,0
-0.011062726927804245,0.3919573163898178,0
-0.15744352065213083,-0.2715843868797567,1
-0.1299480926066101,0.07734894847343299,0
0.26144074052616784,-0.2214106082058792,1
-0.1265451006903364,0.24181394919526855,0
0.08726387260836982,0.05449608992659788,1
-0.2365544500544038,0.12503161361609372,0
0.06065814454182605,0.34653059631400085,1
-0.17585015043606858,-0.3753992162493973,0
0.04473179374012254,-0.0705065910454567,1
0.11075675502351268,0.09580500978243389,1
-0.34609007605524506,0.029933308437896045,0
-0.11644838012784606,0.2169799092957011,0
-0.2551341268757452,-0.37736398449492276,0
-0.2293445161980918,0.2940140194452924,1
0.16804136521843993,-0.20123764229900198,1
-0.30835423456813127,0.3990307542110896,1
-0.09906380105215273,-0.17288468536895873,0
-0.26997351620839166,0.0852057005301371,1
-0.3325296009637429,-0.3075304656588322,0
0.18066276511618173,-0.16122920921210693,1
-0.14513431615707806,0.06118110905669677,1
0.12397823729716928,-0.07746854740853076,1
-0.003049158756496695,0.16286552626201956,0
-0.05240632629711611,0.05294752642914552,1
-0.0890740525754915,0.3759355178445951,0
0.31878714479423764,0.17920721336461587,0
0.27767956830657214,-0.20697355836840758,1
-0.14266330457257936,-0.39723249415379974,1
0.24790587036998046,-0.32942174023902315,1
0.3347783223318025,0.3248965809512395,1
0.19351264893691444,0.3764476153269082,0
0.1874804339758096,-0.1480958122948322,1
-0.13677682707816194,0.12387592122359581,0
0.16796511987792184,0.24019659245457137,0
-0.09835212202589017,0.11386624916652088,0
-0.343987324759466,-0.31378300753408495,1
0.2655627811581689,0.2975114390015048,1
-0.29528629906785,-0.036770168788735624,0
-0.1518850431458071,0.19733854121041006,0
0.1645166445231574,-0.14169012918162144,1
-0.10683686210584309,-0.2434524491906255,0
-0.12181255724037748,0.24623109911221785,1
-0.02443005316183494,-0.25685061231262357,1
-0.3402931968644478,0.1918038892052497,1
-0.1420190674732046,0.3765556429469925,0
-0.26990813910919603,-0.17023530521612057,1
-0.3330329533477517,-0.17317835869105364,0
-0.2654227733819023,0.13731034906580653,0
-0.2800640622890566,0.1693378924821327,1
0.23301132008279402,0.34023467885802694,1
-0.288326151031422,-0.22886294122495762,0
-0.26721822036492726,0.10269574684117067,0
0.2115420660943763,0.07711827865153387,1
-0.09618830262365274,-0.2718092981826511,0
-0.099468951761703,0.13934822821904447,0
-0.0017763090854218122,0.11782252261487713,0
0.09917337499579648,0.37818535867376357,1
0.3136622194954205,0.16235388666362616,1
-0.2902449215157993,-0.2811588142299843,1
0.01999455828146024,-0.03728277772439326,1
-0.025308103018684525,0.32834867122893063,1
-0.007844056048249448,-0.018010938299610924,0
-0.19915844263641902,-0.33946393230351435,1
-0.2569532732480281,-0.0325928859794512,0
0.09281995597837761,0.2307455616558628,0
0.3389050050165793,0.29111284789849,0
0.2607213604163541,0.31937373585199536,1
-0.20508994908049122,0.12203448363869529,0
-0.3395357614852819,-0.1472659890463156,1
0.00598508301732914,0.39561669196739824,0
0.27884579566532686,-0.3527963236249318,1
-0.19996482831841716,0.1465390386217108,1
0.24697677856769373,0.04922981447788838,1
-0.009932499992640675,0.24213526191311485,0
-0.28929237103247213,-0.37189204033418366,0
0.028394850500266022,0.14595267033861514,0
-0.20520103257376388,-0.3186033836105144,1
0.03699654633787991,0.3935409769100632,1
0.18697026934810868,0.05228470162590221,1
-0.27765983357900276,-0.19928485946506458,0
-0.18816287535497603,-0.2182018111837797,1
-0.06642892166140413,-0.00414833792869046,1
-0.14506992856641193,0.2868129375642795,0
0.1810389595669074,0.23400940192175257,0
-0.34747411575387444,0.24273261796237655,0
-0.15076295163195158,0.22877383198664203,1
0.3006844463267153,0.3925170262977019,0
-0.15220347959117417,0.2945768720111578,1
0.3120067401272687,-0.3326266249846403,1
0.11935550380127041,-0.21067643678851475,1
0.06945830418402527,-0.11213269807961002,1
-0.06401670956763467,-0.3658961362747955,1
0.19876977442461818,0.2498170639192686,1
-0.0978503723982973,0.03526025969873664,0
-0.22435514838211304,0.09324573970235506,0
-0.04225526608312685,-0.26073962503319736,1
-0.1363553786919641,0.19131705968206547,0
-0.07817975382246184,0.05415031723594349,0
-0.10489476819248345,-0.24541923170843943,1
0.024119531517604376,0.2726206688212873,1
0.19891126862606523,0.29153948791711726,0
-0.2459791605764055,0.25531399274164557,0
-0.141052478638442,0.018842036531719786,1
0.040438699280088974,0.2659318119286138,0
